"","GrLivArea","Neighborhood","LotArea","X1stFlrSF","OverallQual","y_true","y_rf","y_svm_linear","y_svm_radial","y_lda","y_logistic","y_boosting"
"1",1262,"Veenker",9600,1262,6,0,0,0,0,0,0,0
"2",1786,"CollgCr",11250,920,7,1,1,0,1,0,0,1
"3",1362,"Mitchel",14115,796,5,0,0,0,0,0,0,0
"4",1694,"Somerst",10084,1694,8,1,1,0,1,0,0,0
"5",912,"Sawyer",12968,912,5,0,0,0,0,0,0,0
"6",1494,"CollgCr",10652,1494,7,1,1,0,1,0,0,1
"7",1114,"SawyerW",13695,1114,5,0,0,0,0,0,0,0
"8",1339,"NAmes",7560,1339,5,0,0,0,0,0,0,0
"9",1108,"IDOTRR",7449,1108,7,0,0,0,0,0,0,0
"10",1795,"CollgCr",9742,1795,8,1,1,0,1,0,0,1
"11",1060,"MeadowV",4224,1060,5,0,0,0,0,0,0,0
"12",900,"NAmes",7200,900,5,0,0,0,0,0,0,0
"13",1600,"NAmes",16321,1600,5,1,1,0,1,0,0,1
"14",520,"BrkSide",6324,520,4,0,0,0,0,0,0,0
"15",1228,"Sawyer",8544,1228,5,0,0,0,0,0,0,0
"16",1234,"CollgCr",11049,1234,8,0,0,0,0,0,0,0
"17",2452,"NridgHt",13418,1132,8,1,1,1,1,1,1,1
"18",1097,"CollgCr",10859,1097,5,0,0,0,0,0,0,0
"19",1297,"NAmes",8532,1297,5,0,0,0,0,0,0,0
"20",1152,"Edwards",6040,1152,4,0,0,0,0,0,0,0
"21",1324,"NAmes",8658,1324,6,0,0,0,0,0,0,0
"22",1328,"Timber",16905,1328,5,0,0,0,0,0,0,0
"23",884,"SawyerW",9180,884,5,0,0,0,0,0,0,0
"24",938,"CollgCr",9200,938,5,0,0,0,0,0,0,0
"25",1752,"NridgHt",7658,1752,9,1,1,0,1,0,0,0
"26",2149,"Mitchel",12822,1518,7,1,1,0,1,0,0,1
"27",1656,"Somerst",11096,1656,8,1,1,0,1,0,0,1
"28",1452,"OldTown",4456,736,4,0,0,0,0,0,0,0
"29",1470,"Gilbert",13869,794,6,0,0,0,0,0,0,0
"30",1176,"BrkSide",6240,816,6,0,0,0,0,0,0,0
"31",1720,"CollgCr",11645,860,7,0,0,0,0,0,0,0
"32",2945,"StoneBr",13682,1426,10,1,1,1,1,1,1,1
"33",780,"CollgCr",7200,780,5,0,0,0,0,0,0,0
"34",1158,"SawyerW",13072,1158,6,0,0,0,0,0,0,0
"35",1111,"IDOTRR",7200,581,5,0,0,0,0,0,0,0
"36",1370,"NridgHt",6442,1370,8,1,1,0,1,0,0,1
"37",2034,"CollgCr",9375,1057,7,1,1,0,1,0,0,1
"38",2207,"NAmes",19900,2207,7,0,0,0,0,0,0,0
"39",1479,"CollgCr",10665,1479,7,1,1,0,1,0,0,0
"40",2223,"NAmes",13651,2223,7,1,1,0,1,0,0,1
"41",845,"Mitchel",7599,845,4,0,0,0,0,0,0,0
"42",1718,"Gilbert",10141,885,7,0,0,0,0,0,0,0
"43",1086,"NAmes",10200,1086,5,0,0,0,0,0,0,0
"44",1605,"OldTown",5790,840,3,0,0,0,0,0,0,0
"45",952,"NAmes",8475,952,4,0,0,0,0,0,0,0
"46",1285,"BrkSide",8635,1072,5,0,0,0,0,0,0,0
"47",1768,"Sawyer",10778,1768,4,0,0,0,0,0,0,0
"48",2142,"NAmes",13000,1182,6,0,0,0,0,0,0,0
"49",1337,"Mitchel",4500,1337,6,0,0,0,0,0,0,0
"50",1474,"Gilbert",8530,804,7,0,0,0,0,0,0,0
"51",2417,"NoRidge",16059,1301,8,1,1,1,1,1,1,1
"52",1526,"IDOTRR",8470,1013,3,0,0,0,0,0,0,0
"53",990,"CollgCr",8070,990,4,0,0,0,0,0,0,0
"54",1040,"NAmes",7200,1040,4,0,0,0,0,0,0,0
"55",1235,"NAmes",8500,1235,5,0,0,0,0,0,0,0
"56",964,"Crawfor",13360,964,5,0,0,0,0,0,0,0
"57",2291,"OldTown",7200,1260,6,0,0,1,0,0,0,0
"58",1786,"CollgCr",9337,905,6,1,1,0,1,0,0,0
"59",1470,"Gilbert",9765,680,6,0,0,0,0,0,0,0
"60",1588,"CollgCr",10264,1588,7,1,1,0,1,0,0,1
"61",960,"Edwards",10921,960,4,0,0,0,0,0,0,0
"62",1610,"NWAmes",10603,1610,6,1,1,0,1,0,0,0
"63",1732,"SawyerW",9206,977,6,0,0,0,0,0,0,0
"64",1535,"SawyerW",7018,1535,5,0,0,0,0,0,0,0
"65",1818,"IDOTRR",7758,1226,7,0,0,0,0,0,0,0
"66",1992,"Somerst",9375,1053,8,1,1,0,1,1,1,1
"67",1047,"OldTown",10800,1047,4,0,0,0,0,0,0,0
"68",1517,"IDOTRR",8500,997,5,0,0,0,0,0,0,0
"69",1855,"Edwards",9525,1216,6,0,0,0,0,0,0,0
"70",2696,"CollgCr",9965,1282,7,1,1,1,1,1,1,1
"71",2259,"Crawfor",21000,2259,6,1,1,1,1,1,1,1
"72",1458,"Somerst",3230,729,6,0,0,0,0,0,0,0
"73",1092,"Sawyer",11616,1092,5,0,0,0,0,0,0,0
"74",1125,"Edwards",8536,1125,5,0,0,0,0,0,0,0
"75",3222,"SawyerW",12376,1699,7,1,1,1,1,1,1,1
"76",1456,"CollgCr",8461,728,6,0,0,0,0,0,0,0
"77",988,"ClearCr",21453,988,6,0,0,0,0,0,0,0
"78",1123,"IDOTRR",6060,772,4,0,0,0,0,0,0,0
"79",1080,"NAmes",9464,1080,6,0,0,0,0,0,0,0
"80",1199,"SawyerW",7892,1199,6,0,0,0,0,0,0,0
"81",1586,"NWAmes",17043,1586,6,0,0,0,0,0,0,0
"82",958,"NPkVill",4928,958,6,0,0,0,0,0,0,0
"83",840,"OldTown",4388,840,5,0,0,0,0,0,0,0
"84",1348,"NAmes",7590,660,6,0,0,0,0,0,0,0
"85",1053,"NAmes",8973,1053,5,0,0,0,0,0,0,0
"86",2157,"NAmes",14200,1216,7,1,1,0,1,0,0,1
"87",2054,"Gilbert",12224,1022,6,1,1,0,1,0,0,1
"88",1327,"NAmes",7388,1327,5,0,0,0,0,0,0,0
"89",1296,"Timber",6853,1296,8,1,1,0,1,0,0,0
"90",1682,"NWAmes",10400,1682,7,0,0,0,0,0,0,0
"91",1214,"NAmes",10355,1214,5,0,0,0,0,0,0,0
"92",1959,"Mitchel",11070,1959,7,0,0,0,0,0,0,1
"93",1852,"CollgCr",9066,1004,8,1,1,0,1,0,0,1
"94",864,"NAmes",10500,864,4,0,0,0,0,0,0,0
"95",1734,"CollgCr",11645,1734,7,1,1,0,1,0,0,1
"96",1385,"NAmes",8520,910,5,0,0,0,0,0,0,0
"97",1728,"Sawyer",9100,1728,5,0,0,0,0,0,0,0
"98",875,"BrkSide",6120,875,5,0,0,0,0,0,0,0
"99",2035,"Gilbert",9505,884,7,1,1,0,1,0,0,1
"100",969,"CollgCr",10356,969,5,0,0,0,0,0,0,0
"101",1710,"NridgHt",13891,1710,8,1,1,0,1,0,0,0
"102",1993,"NWAmes",14803,1097,6,0,0,0,0,0,0,0
"103",1252,"ClearCr",13500,1252,6,1,1,0,1,0,0,0
"104",1096,"Edwards",9600,572,6,0,0,0,0,0,0,0
"105",1947,"Somerst",12552,991,7,1,1,0,1,0,0,1
"106",1232,"Veenker",11120,1232,6,0,0,0,0,0,0,0
"107",1355,"Edwards",10106,808,5,0,0,0,0,0,0,0
"108",2161,"NridgHt",10562,1610,8,1,1,1,1,1,1,1
"109",1382,"OldTown",12358,854,5,0,0,0,0,0,0,0
"110",1362,"NAmes",10197,1362,6,0,0,0,0,0,0,0
"111",1340,"Edwards",9060,1340,5,0,0,0,0,0,0,0
"112",1252,"BrkSide",7438,936,5,0,0,0,0,0,0,0
"113",3608,"OldTown",22950,1518,10,1,1,1,1,1,1,1
"114",1217,"Mitchel",9947,1217,7,0,0,0,0,0,0,0
"115",1656,"OldTown",10410,808,5,0,0,0,0,0,0,0
"116",1224,"SawyerW",7018,1224,5,0,0,0,0,0,0,0
"117",1431,"CollgCr",9017,1431,7,0,0,0,0,0,0,0
"118",1456,"NPkVill",2280,855,6,0,0,0,0,0,0,0
"119",2229,"OldTown",5520,929,6,0,0,0,0,0,0,0
"120",1121,"Edwards",8546,1121,4,0,0,0,0,0,0,0
"121",1279,"Mitchel",10125,1279,6,0,0,0,0,0,0,0
"122",1310,"OldTown",7000,865,6,0,0,0,0,0,0,0
"123",848,"CollgCr",4438,848,6,0,0,0,0,0,0,0
"124",1284,"OldTown",3500,720,5,0,0,0,0,0,0,0
"125",1442,"Gilbert",11851,1442,7,0,0,0,0,0,0,0
"126",2062,"SawyerW",14364,1180,7,1,1,0,1,0,0,1
"127",1092,"NAmes",8250,1092,6,0,0,0,0,0,0,0
"128",864,"Edwards",5604,864,5,0,0,0,0,0,0,0
"129",1212,"Edwards",10420,1212,6,0,0,0,0,0,0,0
"130",1852,"Somerst",8640,932,7,1,1,0,1,0,0,1
"131",990,"CollgCr",13568,990,5,0,0,0,0,0,0,0
"132",1236,"NAmes",10011,1236,5,0,0,0,0,0,0,0
"133",1328,"OldTown",9906,810,4,0,0,0,0,0,0,0
"134",1954,"Crawfor",15660,1137,7,1,1,1,1,1,1,1
"135",1248,"Blmngtn",3010,1248,7,0,0,0,0,0,0,0
"136",1498,"CollgCr",8990,1498,7,1,1,0,1,0,0,1
"137",2267,"Gilbert",8068,1010,6,1,1,1,1,0,0,1
"138",1552,"NWAmes",11475,811,6,0,0,0,0,0,0,0
"139",864,"NAmes",10500,864,4,0,0,0,0,0,0,0
"140",2520,"NoRidge",9950,1214,7,1,1,1,1,1,1,1
"141",987,"BrDale",1869,483,6,0,0,0,0,0,0,0
"142",912,"Sawyer",8521,912,5,0,0,0,0,0,0,0
"143",2794,"NoRidge",15138,1490,8,1,1,1,1,1,1,1
"144",987,"BrDale",1680,483,6,0,0,0,0,0,0,0
"145",1414,"CollgCr",8773,1414,7,0,0,0,0,0,0,0
"146",1744,"SawyerW",9453,1014,7,0,0,0,0,0,0,0
"147",1566,"Somerst",9000,1566,8,1,1,0,1,0,0,1
"148",866,"OldTown",3880,866,5,0,0,0,0,0,0,0
"149",1440,"OldTown",5000,889,5,0,0,0,0,0,0,0
"150",1217,"SawyerW",10762,626,6,0,0,0,0,0,0,0
"151",2110,"SawyerW",8880,1222,7,1,1,0,1,0,0,1
"152",1872,"NWAmes",10400,1872,7,1,1,0,1,0,0,0
"153",1668,"CollgCr",11317,840,7,0,0,0,0,0,0,0
"154",2144,"ClearCr",159000,1444,6,1,1,1,1,1,1,1
"155",1625,"Crawfor",4750,1625,8,1,1,0,1,0,0,1
"156",1640,"SawyerW",8366,798,6,0,0,0,0,0,0,0
"157",1314,"NAmes",8400,1314,5,0,0,0,0,0,0,0
"158",2291,"Gilbert",8738,1005,7,1,1,1,1,0,0,1
"159",1728,"Somerst",8791,864,6,1,1,0,1,0,0,1
"160",1604,"CollgCr",8814,1604,7,1,1,0,1,0,0,1
"161",1792,"CollgCr",12435,963,7,1,1,0,1,0,0,1
"162",2574,"CollgCr",9588,1482,8,1,1,1,1,1,1,1
"163",1316,"OldTown",5500,926,5,0,0,0,0,0,0,0
"164",1511,"Gilbert",11207,802,6,0,0,0,0,0,0,0
"165",2192,"SWISU",8400,1052,5,0,0,0,0,0,0,0
"166",1939,"Somerst",10728,1095,8,1,1,0,1,0,0,1
"167",1363,"ClearCr",39104,1363,7,1,1,1,1,0,0,1
"168",2270,"NoRidge",11764,1164,8,1,1,1,1,1,1,1
"169",1632,"NAmes",9600,1632,6,0,0,0,0,0,0,0
"170",816,"Mitchel",8314,816,5,0,0,0,0,0,0,0
"171",1548,"BrkSide",7264,952,7,1,1,0,1,0,0,1
"172",864,"Gilbert",19138,864,4,0,0,0,0,0,0,0
"173",2121,"NridgHt",14450,2121,9,1,1,1,1,1,1,0
"174",2022,"ClearCr",10005,1156,7,0,0,0,0,0,0,0
"175",1262,"Somerst",7200,1262,6,0,0,0,0,0,0,0
"176",1314,"NridgHt",5063,1314,7,1,1,0,1,0,0,1
"177",1575,"SawyerW",8012,1575,6,0,0,0,0,0,0,0
"178",858,"NAmes",8125,858,4,0,0,0,0,0,0,0
"179",1396,"BrkSide",8730,698,6,0,0,0,0,0,0,0
"180",1919,"CollgCr",15611,1079,8,1,1,1,1,1,1,1
"181",1716,"SWISU",5687,936,5,0,0,0,0,0,0,0
"182",1716,"Edwards",11409,1148,5,0,0,0,0,0,0,0
"183",2263,"NWAmes",16659,1468,7,1,1,0,1,1,1,1
"184",1644,"NAmes",9600,1644,6,0,0,0,0,0,0,0
"185",1003,"Mitchel",7937,1003,6,0,0,0,0,0,0,0
"186",1950,"Somerst",7399,975,7,1,1,0,1,0,0,1
"187",1152,"Crawfor",14000,1152,6,0,0,0,0,0,0,0
"188",1336,"Crawfor",15750,1336,5,0,0,0,0,0,0,0
"189",2000,"CollgCr",10386,2000,8,1,1,0,1,1,1,0
"190",2243,"SawyerW",13474,1122,7,1,1,1,1,1,1,1
"191",1406,"IDOTRR",7920,1035,6,0,0,0,0,0,0,0
"192",861,"Edwards",12342,861,4,0,0,0,0,0,0,0
"193",1944,"NridgHt",12378,1944,9,1,1,1,1,1,1,1
"194",972,"NAmes",8000,972,6,0,0,0,0,0,0,0
"195",1118,"OldTown",7800,793,5,0,0,0,0,0,0,0
"196",1641,"OldTown",9600,832,7,0,0,0,0,0,0,0
"197",2353,"NWAmes",13005,1153,7,1,1,1,1,1,1,1
"198",1472,"NWAmes",14115,1472,7,0,0,0,0,0,0,0
"199",2730,"SawyerW",10380,1553,7,1,1,1,1,1,1,1
"200",1163,"OldTown",5820,1163,3,0,0,0,0,0,0,0
"201",2978,"NAmes",11275,1898,7,1,1,1,1,1,1,1
"202",1719,"Veenker",10846,1719,8,1,1,0,1,0,0,1
"203",1383,"NAmes",11600,1383,6,0,0,0,0,0,0,0
"204",2134,"BrkSide",11888,1445,6,1,1,1,1,0,0,1
"205",1192,"IDOTRR",6402,596,5,0,0,0,0,0,0,0
"206",1056,"NAmes",8176,1056,5,0,0,0,0,0,0,0
"207",1638,"Gilbert",9042,943,6,0,0,0,0,0,0,0
"208",1786,"Timber",164660,1619,5,1,1,1,1,1,1,1
"209",1621,"NWAmes",14145,1621,7,1,1,0,1,0,0,1
"210",1215,"NAmes",12400,1215,6,0,0,0,0,0,0,0
"211",1908,"Timber",14191,993,8,1,1,1,1,1,1,1
"212",841,"SawyerW",8400,841,4,0,0,0,0,0,0,0
"213",1626,"NridgHt",2448,764,7,0,0,0,0,0,0,0
"214",1869,"NridgHt",7820,1869,9,1,1,1,1,0,0,1
"215",1111,"Edwards",9084,616,5,0,0,0,0,0,0,0
"216",720,"OldTown",8520,720,6,0,0,0,0,0,0,0
"217",1595,"SWISU",8400,1192,6,0,0,0,0,0,0,0
"218",1200,"CollgCr",11249,1200,6,0,0,0,0,0,0,0
"219",1167,"Gilbert",9248,1167,6,0,0,0,0,0,0,0
"220",1352,"ClearCr",6930,1352,5,0,0,0,0,0,0,0
"221",1924,"NoRidge",12011,1086,8,1,1,1,1,1,1,1
"222",912,"Mitchel",7540,912,6,0,0,0,0,0,0,0
"223",1505,"BrkSide",9144,988,5,0,0,0,0,0,0,0
"224",1922,"Edwards",7301,495,7,1,1,1,1,0,0,1
"225",1574,"NWAmes",18800,790,6,0,0,0,0,0,0,0
"226",1344,"IDOTRR",10690,672,5,0,0,0,0,0,0,0
"227",1431,"NAmes",9150,1431,6,0,0,0,0,0,0,0
"228",1588,"ClearCr",17120,1120,4,0,0,0,0,0,0,0
"229",1928,"CollgCr",8200,847,7,1,1,0,1,0,0,0
"230",904,"Edwards",10020,904,1,0,0,0,0,0,0,0
"231",914,"CollgCr",8846,914,5,0,0,0,0,0,0,0
"232",2466,"Somerst",11143,1580,8,1,1,1,1,1,1,1
"233",1856,"StoneBr",11394,1856,9,1,1,0,1,1,1,1
"234",1800,"Gilbert",8123,1007,6,0,0,0,0,0,0,0
"235",1301,"Somerst",7200,1301,7,0,0,0,0,0,0,0
"236",784,"SawyerW",9000,784,6,0,0,0,0,0,0,0
"237",1953,"ClearCr",53107,1079,6,1,1,1,1,1,1,1
"238",1269,"Blmngtn",3182,1269,8,0,0,0,0,0,0,0
"239",1184,"Edwards",8410,658,5,0,0,0,0,0,0,0
"240",1125,"Edwards",7200,1125,6,0,0,0,0,0,0,0
"241",1479,"CollgCr",9382,1479,7,0,0,0,0,0,0,1
"242",2332,"NridgHt",12474,1742,10,1,1,1,1,1,1,1
"243",1367,"Edwards",8405,961,5,0,0,0,0,0,0,0
"244",1961,"Mitchel",12209,804,6,1,1,0,1,0,0,1
"245",1034,"OldTown",10134,735,5,0,0,0,0,0,0,0
"246",1144,"Edwards",9571,1144,5,0,0,0,0,0,0,0
"247",894,"CollgCr",7200,894,5,0,0,0,0,0,0,0
"248",1077,"IDOTRR",8967,1077,5,0,0,0,0,0,0,0
"249",1550,"Somerst",8125,1112,7,1,1,0,1,0,0,1
"250",1310,"CollgCr",8767,1310,7,0,0,0,0,0,0,0
"251",672,"Sawyer",10200,672,5,0,0,0,0,0,0,0
"252",2263,"NoRidge",12090,1165,8,1,1,1,1,1,1,1
"253",1572,"Gilbert",10364,806,6,0,0,0,0,0,0,0
"254",1620,"Sawyer",9991,1620,4,0,0,0,0,0,0,0
"255",1639,"SWISU",10480,1166,6,0,0,0,0,0,0,0
"256",1680,"Crawfor",15576,840,6,0,0,0,0,1,1,0
"257",1276,"Edwards",9571,1276,5,0,0,0,0,0,0,0
"258",1056,"Gilbert",34650,1056,5,0,0,0,0,0,0,0
"259",1478,"Somerst",4403,1478,7,1,1,0,1,0,0,1
"260",2097,"SawyerW",11228,1080,7,1,1,1,1,0,0,1
"261",1400,"Sawyer",7844,672,6,0,0,0,0,0,0,0
"262",1602,"NWAmes",16635,1602,6,1,1,1,1,0,0,1
"263",988,"Mitchel",21750,988,5,0,0,0,0,0,0,0
"264",2630,"NoRidge",9200,1470,8,1,1,1,1,1,1,1
"265",1196,"NAmes",9000,1196,6,0,0,0,0,0,0,0
"266",1389,"OldTown",3378,707,7,0,0,0,0,0,0,0
"267",1644,"SawyerW",12800,1644,7,1,1,0,1,0,0,1
"268",1208,"CollgCr",6762,1208,7,0,0,0,0,0,0,0
"269",987,"BrDale",1680,483,6,0,0,0,0,0,0,0
"270",1198,"OldTown",5586,1088,6,0,0,0,0,0,0,0
"271",1661,"CollgCr",10667,827,7,1,1,0,1,0,0,0
"272",2402,"NridgHt",15431,2402,10,1,1,1,1,1,1,1
"273",1573,"BrkSide",6240,1128,5,0,0,0,0,0,0,0
"274",1258,"Blmngtn",3922,1258,7,0,0,0,0,0,0,0
"275",1888,"NAmes",16492,1888,6,0,0,0,0,0,0,0
"276",1886,"Gilbert",11214,956,7,1,1,1,1,0,0,1
"277",1183,"OldTown",6000,679,3,0,0,0,0,0,0,0
"278",813,"OldTown",5684,813,6,0,0,0,0,0,0,0
"279",1756,"Timber",9303,888,6,1,1,0,1,0,0,0
"280",1344,"OldTown",4571,624,5,0,0,0,0,0,0,0
"281",1663,"ClearCr",53227,1663,4,1,1,1,1,1,1,1
"282",1203,"BrkSide",7015,979,5,0,0,0,0,0,0,0
"283",864,"Sawyer",8281,864,5,0,0,0,0,0,0,0
"284",1660,"Crawfor",11988,849,6,0,0,0,0,0,0,0
"285",1634,"NridgHt",11428,1634,8,1,1,0,1,0,0,1
"286",1710,"SawyerW",9291,832,6,0,0,0,0,0,0,0
"287",970,"Sawyer",8480,970,5,0,0,0,0,0,0,0
"288",1493,"CollgCr",13125,1493,6,1,1,0,1,0,0,1
"289",2643,"NridgHt",13693,2069,9,1,1,1,1,1,1,1
"290",1718,"CollgCr",10637,1718,8,1,1,0,1,0,0,1
"291",1850,"NridgHt",16033,1850,9,1,1,1,1,1,1,1
"292",1792,"NridgHt",11846,1792,9,1,1,0,1,0,0,1
"293",1216,"Mitchel",4500,1216,6,0,0,0,0,0,0,0
"294",999,"Sawyer",7758,999,5,0,0,0,0,0,0,0
"295",1073,"NAmes",10289,1073,5,0,0,0,0,0,0,0
"296",1484,"NWAmes",12243,1484,5,0,0,0,0,0,0,0
"297",2414,"OldTown",10800,1766,5,0,0,0,0,0,0,0
"298",630,"MeadowV",1526,630,4,0,0,0,0,0,0,0
"299",1304,"MeadowV",2665,616,5,0,0,0,0,0,0,0
"300",1578,"NAmes",9490,958,6,0,0,0,0,0,0,0
"301",1269,"NAmes",7931,1269,5,0,0,0,0,0,0,0
"302",886,"OldTown",5784,886,5,0,0,0,0,0,0,0
"303",3228,"NoRidge",12692,3228,8,1,1,1,1,1,1,1
"304",912,"NAmes",7535,912,5,0,0,0,0,0,0,0
"305",1218,"BrDale",1890,672,6,0,0,0,0,0,0,0
"306",1768,"Somerst",9803,866,7,1,1,0,1,0,0,1
"307",1214,"Edwards",9170,1214,5,0,0,0,0,0,0,0
"308",1801,"Crawfor",15602,1801,7,1,1,0,1,1,1,1
"309",1322,"NPkVill",2308,855,6,0,0,0,0,0,0,0
"310",1218,"Somerst",7862,1218,6,1,1,0,1,0,0,0
"311",1378,"OldTown",9600,689,7,0,0,0,0,0,0,0
"312",1368,"NridgHt",6792,1368,7,1,1,0,1,0,0,0
"313",864,"NAmes",9100,864,5,0,0,0,0,0,0,0
"314",789,"Crawfor",10594,789,5,0,0,0,0,0,0,0
"315",2020,"NridgHt",12220,2020,10,1,1,1,1,1,1,1
"316",2119,"NWAmes",10448,1378,6,0,0,0,0,0,0,0
"317",2344,"NoRidge",10208,1277,7,1,1,1,1,1,1,1
"318",1796,"CollgCr",9531,882,6,1,1,0,1,0,0,0
"319",1244,"NAmes",11988,1244,6,0,0,0,0,0,0,0
"320",1664,"BrkSide",5000,1004,6,0,0,0,0,0,0,0
"321",4676,"Edwards",40094,3138,10,0,0,1,0,1,1,0
"322",2398,"NoRidge",11787,1383,7,1,1,1,1,1,1,1
"323",928,"NAmes",13300,928,5,0,0,0,0,0,0,0
"324",2713,"NridgHt",14948,1476,9,1,1,1,1,1,1,1
"325",605,"Edwards",9098,605,4,0,0,0,0,0,0,0
"326",2515,"Crawfor",32668,2515,6,1,1,1,1,1,1,1
"327",1509,"Timber",10200,1509,6,0,0,0,0,0,0,0
"328",827,"NAmes",7200,827,5,0,0,0,0,0,0,0
"329",334,"BrkSide",5000,334,1,0,0,0,0,0,0,0
"330",1347,"Edwards",7000,820,5,0,0,0,0,0,0,0
"331",1601,"CollgCr",11423,1601,8,1,1,0,1,0,0,1
"332",1838,"Timber",14601,1838,9,1,1,0,1,1,1,1
"333",2285,"NoRidge",11000,997,8,1,1,1,1,1,1,1
"334",1680,"NWAmes",10140,1680,7,1,1,0,1,0,0,0
"335",767,"NAmes",4058,767,7,0,0,0,0,0,0,0
"336",1496,"Gilbert",17104,664,7,0,0,0,0,0,0,0
"337",2183,"NWAmes",13837,1377,7,1,1,0,1,0,0,1
"338",1635,"BrkSide",8737,915,6,1,1,0,1,0,0,0
"339",825,"OldTown",8235,825,5,0,0,0,0,0,0,0
"340",2094,"Somerst",9375,912,7,1,1,1,1,1,1,1
"341",928,"OldTown",6000,928,5,0,0,0,0,0,0,0
"342",1717,"NridgHt",11146,1717,8,1,1,0,1,0,0,1
"343",1048,"BrkSide",6380,1048,5,0,0,0,0,0,0,0
"344",1336,"IDOTRR",11040,897,4,0,0,0,0,0,0,0
"345",1557,"Blmngtn",3196,1557,7,1,1,0,1,0,0,1
"346",1389,"Mitchel",10010,1389,5,0,0,0,0,0,0,0
"347",996,"Edwards",13907,996,5,0,0,0,0,0,0,0
"348",1674,"Edwards",21780,1163,6,0,0,0,0,0,0,0
"349",2295,"NoRidge",13346,1166,7,1,1,1,1,1,1,1
"350",2132,"SawyerW",12327,1496,8,1,1,0,1,0,0,1
"351",943,"NAmes",7032,943,5,0,0,0,0,0,0,0
"352",1692,"Timber",13159,846,7,1,1,0,1,0,0,1
"353",1430,"Gilbert",9967,774,7,0,0,0,0,0,0,0
"354",1216,"NAmes",8480,832,5,0,0,0,0,0,0,0
"355",1477,"SWISU",6292,877,7,0,0,0,0,0,0,0
"356",1392,"Somerst",3604,703,7,0,0,0,0,0,0,0
"357",1795,"OldTown",12150,1050,5,0,0,0,0,0,0,0
"358",1429,"NAmes",14585,1429,6,0,0,0,0,0,0,0
"359",2775,"OldTown",13500,1521,10,1,1,0,1,1,1,1
"360",2028,"Timber",11443,2028,8,1,1,0,1,1,1,1
"361",1473,"ClearCr",25095,1473,5,0,0,0,0,0,0,0
"362",1582,"CollgCr",8320,770,7,0,0,0,0,0,0,0
"363",816,"Mitchel",6600,816,5,0,0,0,0,0,0,0
"364",848,"CollgCr",4435,848,6,0,0,0,0,0,0,0
"365",924,"CollgCr",7990,924,5,0,0,0,0,0,0,0
"366",1402,"Blmngtn",3922,1402,7,0,0,0,0,0,0,0
"367",1904,"NridgHt",10927,1058,8,1,1,0,1,1,1,1
"368",1375,"IDOTRR",9000,780,6,0,0,0,0,0,0,0
"369",1915,"SawyerW",10041,927,8,1,1,0,1,0,0,1
"370",1494,"CollgCr",12803,1494,7,1,1,0,1,0,0,1
"371",1986,"NAmes",13600,1186,7,1,1,1,1,0,0,1
"372",2008,"Edwards",7800,1112,5,1,1,0,1,0,0,0
"373",1029,"Sawyer",7943,1029,4,0,0,0,0,0,0,0
"374",2153,"CollgCr",11050,1476,9,1,1,0,1,1,1,1
"375",1032,"NWAmes",10395,1032,6,0,0,0,0,0,0,0
"376",832,"NAmes",7227,832,6,0,0,0,0,0,0,0
"377",2262,"Timber",12244,1482,8,1,1,1,1,1,1,1
"378",864,"Edwards",8248,864,3,0,0,0,0,0,0,0
"379",980,"Sawyer",7064,980,5,0,0,0,0,0,0,0
"380",1790,"NWAmes",10400,1012,6,0,0,0,0,0,0,0
"381",1422,"NAmes",12342,1422,5,0,0,0,0,0,0,0
"382",1520,"NAmes",9600,1520,6,0,0,0,0,0,0,0
"383",2080,"NAmes",11606,1040,5,0,0,1,0,0,0,0
"384",1411,"NWAmes",11900,1411,7,0,0,0,0,0,0,0
"385",1056,"NAmes",9250,1056,5,0,0,0,0,0,0,0
"386",800,"BrkSide",6120,800,2,0,0,0,0,0,0,0
"387",1567,"Blmngtn",3982,1567,8,1,1,0,1,0,0,1
"388",1518,"NridgHt",12677,1518,8,1,1,0,1,0,0,1
"389",1929,"Somerst",7050,1057,7,1,1,0,1,0,0,1
"390",2704,"NAmes",13860,2000,8,1,1,1,1,1,1,1
"391",1766,"Somerst",9187,1766,9,1,1,0,1,0,0,1
"392",981,"NAmes",10530,981,6,0,0,0,0,0,0,0
"393",1048,"NAmes",7200,1048,5,0,0,0,0,0,0,0
"394",1094,"Edwards",10452,1094,6,0,0,0,0,0,0,0
"395",1839,"NAmes",7700,1051,6,0,0,0,0,0,0,0
"396",630,"MeadowV",1936,630,4,0,0,0,0,0,0,0
"397",1510,"Edwards",9084,755,4,0,0,0,0,0,0,0
"398",2113,"NoRidge",10437,2113,8,1,1,0,1,1,1,0
"399",1092,"BrDale",1680,525,6,0,0,0,0,0,0,0
"400",1502,"Crawfor",7200,851,7,0,0,0,0,0,0,0
"401",1458,"NAmes",17503,912,6,0,0,0,0,0,0,0
"402",1486,"Edwards",9937,1486,5,0,0,0,0,0,0,0
"403",1935,"NWAmes",12384,1142,7,0,0,0,0,0,0,0
"404",1936,"Gilbert",11194,1454,8,1,1,0,1,0,0,1
"405",1679,"SawyerW",8125,1679,6,0,0,0,0,0,0,0
"406",1437,"Sawyer",14175,1437,5,0,0,0,0,0,0,0
"407",1180,"Crawfor",11600,1180,4,0,0,0,0,0,0,0
"408",1839,"Crawfor",14442,1839,6,1,1,1,1,1,1,1
"409",1441,"NPkVill",2289,855,6,0,0,0,0,0,0,0
"410",2046,"StoneBr",11844,2046,8,1,1,1,1,1,1,1
"411",923,"SawyerW",8012,923,6,0,0,0,0,0,0,0
"412",1520,"SWISU",4500,848,5,0,0,0,0,0,0,0
"413",1668,"CollgCr",11248,1668,9,1,1,0,1,0,0,1
"414",1839,"NoRidge",16770,1195,7,1,1,1,1,1,1,1
"415",848,"CollgCr",4426,848,6,0,0,0,0,0,0,0
"416",4316,"NoRidge",21535,2444,10,1,1,1,1,1,1,1
"417",2519,"Timber",26178,1238,7,1,1,1,1,1,1,1
"418",1137,"Timber",13811,1137,6,0,0,0,0,0,0,0
"419",616,"BrkSide",6000,616,5,0,0,0,0,0,0,0
"420",1148,"Edwards",6420,1148,5,0,0,0,0,0,0,0
"421",1800,"Timber",14331,1800,8,1,1,1,1,1,1,1
"422",1164,"NWAmes",9600,1164,7,0,0,0,0,0,0,0
"423",1092,"IDOTRR",5600,372,4,0,0,0,0,0,0,0
"424",1824,"ClearCr",115149,1824,7,1,1,1,1,1,1,1
"425",1324,"NridgHt",6240,1324,8,1,1,0,1,0,0,0
"426",904,"Sawyer",7162,904,5,0,0,0,0,0,0,0
"427",1228,"StoneBr",4671,1228,8,0,0,0,0,0,0,0
"428",960,"BrkSide",9873,960,4,0,0,0,0,0,0,0
"429",1350,"NWAmes",10140,1350,6,0,0,0,0,0,0,0
"430",2554,"OldTown",10800,1576,7,0,0,0,0,0,0,0
"431",971,"CollgCr",9920,971,5,0,0,0,0,0,0,0
"432",848,"CollgCr",4426,848,6,0,0,0,0,0,0,0
"433",864,"NAmes",8120,864,4,0,0,0,0,0,0,0
"434",1470,"Edwards",8172,997,4,0,0,0,0,0,0,0
"435",1698,"Edwards",13286,1698,9,1,1,1,1,0,0,0
"436",864,"NAmes",6960,864,4,0,0,0,0,0,0,0
"437",1680,"Crawfor",21695,1680,6,1,1,1,1,1,1,1
"438",1776,"NAmes",11475,1776,5,0,0,0,0,0,0,0
"439",1616,"StoneBr",5389,1616,8,1,1,0,1,0,0,1
"440",2031,"CollgCr",11404,1153,7,1,1,0,1,1,1,1
"441",948,"Sawyer",8978,948,5,0,0,0,0,0,0,0
"442",1801,"Gilbert",10463,901,8,1,1,0,1,0,0,0
"443",1432,"OldTown",9600,768,5,0,0,0,0,0,0,0
"444",912,"Sawyer",6768,912,6,0,0,0,0,0,0,0
"445",1464,"Sawyer",12886,1464,5,0,0,0,0,0,0,0
"446",2715,"NWAmes",8963,1175,8,1,1,1,1,1,1,1
"447",2256,"Gilbert",8795,980,7,1,1,1,1,0,0,1
"448",2640,"OldTown",11700,1320,7,1,1,1,1,1,1,1
"449",1529,"Edwards",8405,1088,4,0,0,0,0,0,0,0
"450",1320,"Gilbert",7750,660,7,0,0,0,0,0,0,0
"451",1494,"CollgCr",9236,1494,6,1,1,0,1,0,0,0
"452",1026,"NAmes",7930,1026,6,0,0,0,0,0,0,0
"453",1471,"Somerst",3230,742,6,0,0,0,0,0,0,0
"454",1386,"Sawyer",11616,672,6,0,0,0,0,0,0,0
"455",1501,"Somerst",2280,757,7,0,0,0,0,0,0,0
"456",864,"NAmes",9100,864,6,0,0,0,0,0,0,0
"457",1301,"BrkSide",6911,1301,5,0,0,0,0,0,0,0
"458",1547,"Somerst",8640,764,7,1,1,0,1,0,0,0
"459",2365,"NoRidge",9430,1268,8,1,1,1,1,1,1,1
"460",1494,"Veenker",9549,1494,8,1,1,0,1,0,0,1
"461",3279,"StoneBr",53504,1690,8,1,1,1,1,1,1,1
"462",858,"Sawyer",7252,858,5,0,0,0,0,0,0,0
"463",1220,"Edwards",8877,1220,4,0,0,0,0,0,0,0
"464",1117,"Edwards",7819,1117,6,0,0,0,0,0,0,0
"465",1204,"Mitchel",4500,1204,6,0,0,0,0,0,0,0
"466",1614,"CollgCr",11210,1614,7,1,1,0,1,0,0,1
"467",1004,"Mitchel",10530,1004,6,0,0,0,0,0,0,0
"468",1253,"Gilbert",7875,1253,7,0,0,0,0,0,0,0
"469",1603,"SawyerW",7153,810,6,0,0,0,0,0,0,0
"470",1430,"CollgCr",16285,1430,7,0,0,0,0,0,0,0
"471",1110,"Mitchel",9101,1110,5,0,0,0,0,0,0,0
"472",1652,"OldTown",10800,966,5,0,0,0,0,0,0,0
"473",901,"OldTown",6000,901,4,0,0,0,0,0,0,0
"474",2087,"ClearCr",12205,976,6,0,0,1,0,1,1,0
"475",1895,"Gilbert",10832,1086,7,0,0,0,0,0,0,0
"476",1688,"ClearCr",12798,616,6,1,1,0,1,0,0,1
"477",1196,"IDOTRR",4800,1196,4,0,0,0,0,0,0,0
"478",1456,"CollgCr",8199,728,7,0,0,0,0,0,0,0
"479",980,"NAmes",9750,980,5,0,0,0,0,0,0,0
"480",1576,"BrkSide",21384,1072,5,1,1,0,1,0,0,1
"481",1086,"NAmes",13400,1086,5,0,0,0,0,0,0,0
"482",2138,"OldTown",8100,1075,5,0,0,0,0,0,0,0
"483",1442,"NAmes",9750,1442,6,0,0,0,0,0,0,0
"484",1250,"Edwards",8248,686,5,0,0,0,0,0,0,0
"485",1661,"CollgCr",12137,1661,7,1,1,0,1,0,0,1
"486",1008,"NAmes",11425,1008,5,0,0,0,0,0,0,0
"487",1052,"ClearCr",8816,1052,6,0,0,0,0,0,0,0
"488",1640,"CollgCr",7226,798,7,0,0,0,0,0,0,0
"489",936,"OldTown",6000,936,4,0,0,0,0,0,0,0
"490",1489,"SWISU",9900,944,6,0,0,0,0,0,0,0
"491",1489,"Somerst",11216,1489,8,1,1,0,1,0,0,1
"492",1200,"Somerst",3180,520,7,0,0,0,0,0,0,0
"493",1829,"CollgCr",9548,941,7,1,1,0,1,0,0,1
"494",1516,"NAmes",10004,1516,6,0,0,0,0,0,0,0
"495",1144,"NAmes",7875,1144,5,0,0,0,0,0,0,0
"496",1067,"Sawyer",9600,1067,4,0,0,0,0,0,0,0
"497",1482,"SWISU",12155,810,6,0,0,0,0,0,0,0
"498",1165,"NAmes",9020,1165,6,0,0,0,0,0,0,0
"499",1800,"NAmes",8000,1800,5,0,0,0,0,0,0,1
"500",1416,"OldTown",12665,876,5,0,0,0,0,0,0,0
"501",1701,"Sawyer",16647,1701,5,0,0,0,0,0,0,0
"502",1775,"SawyerW",9317,1006,7,1,1,0,1,0,0,0
"503",864,"CollgCr",15523,864,5,0,0,0,0,0,0,0
"504",848,"CollgCr",4435,848,6,0,0,0,0,0,0,0
"505",1646,"Crawfor",7128,918,7,0,0,0,0,0,0,0
"506",1445,"NAmes",12095,1445,6,0,0,0,0,0,0,0
"507",1779,"Sawyer",17920,1779,5,0,0,0,0,0,0,0
"508",1026,"CollgCr",10970,1026,6,0,0,0,0,0,0,0
"509",1481,"Gilbert",8125,702,6,0,0,0,0,0,0,0
"510",2654,"NWAmes",11029,1512,6,1,1,1,1,1,1,1
"511",1426,"Crawfor",7642,912,7,0,0,0,0,0,0,0
"512",1039,"Sawyer",11625,1039,5,0,0,0,0,0,0,0
"513",1097,"SawyerW",9672,1097,6,0,0,0,0,0,0,0
"514",1148,"NAmes",7931,1148,5,0,0,0,0,0,0,0
"515",1646,"Timber",10656,1646,8,1,1,0,1,0,0,1
"516",1949,"SawyerW",9938,1062,7,1,1,0,1,0,0,0
"517",910,"NAmes",8892,910,5,0,0,0,0,0,0,0
"518",1268,"NAmes",12144,1036,5,0,0,0,0,0,0,0
"519",1040,"Mitchel",25286,1040,4,0,0,0,0,0,0,0
"520",1155,"Sawyer",11782,1155,5,0,0,0,0,0,0,0
"521",864,"CollgCr",7000,864,5,0,0,0,0,0,0,0
"522",1090,"Edwards",7024,1090,5,0,0,0,0,0,0,0
"523",1717,"Timber",13758,1187,7,0,0,0,0,0,0,0
"524",1593,"Gilbert",9636,808,6,0,0,0,0,0,0,0
"525",892,"NAmes",7150,892,5,0,0,0,0,0,0,0
"526",1709,"Somerst",5119,1709,9,1,1,0,1,0,0,0
"527",1712,"NAmes",8393,1712,5,0,0,0,0,0,0,0
"528",1393,"Edwards",16466,872,5,0,0,0,0,0,0,0
"529",2217,"NAmes",15865,2217,8,1,1,1,1,0,0,1
"530",1505,"NAmes",12160,1505,6,0,0,0,0,0,0,0
"531",924,"NAmes",8064,672,5,0,0,0,0,0,0,0
"532",1068,"Sawyer",8414,1068,6,0,0,0,0,0,0,0
"533",2240,"SawyerW",7018,1120,5,0,0,1,0,1,1,1
"534",1236,"Sawyer",6993,1236,5,0,0,0,0,0,0,0
"535",858,"NAmes",7340,858,4,0,0,0,0,0,0,0
"536",1306,"NAmes",8712,1306,5,0,0,0,0,0,0,0
"537",1509,"Gilbert",7875,807,7,0,0,0,0,0,0,0
"538",1063,"NAmes",9920,1063,5,0,0,0,0,0,0,0
"539",2057,"Crawfor",11500,1020,7,1,1,1,1,1,1,1
"540",1268,"CollgCr",9286,1268,5,0,0,0,0,0,0,0
"541",1015,"BrkSide",6120,1015,5,0,0,0,0,0,0,0
"542",1224,"Somerst",3000,612,6,0,0,0,0,0,0,0
"543",480,"IDOTRR",9000,480,2,0,0,0,0,0,0,0
"544",1229,"Edwards",17140,1229,4,0,0,0,0,0,0,0
"545",1617,"SawyerW",8012,1617,6,0,0,0,0,0,0,0
"546",2374,"NridgHt",11999,1234,8,1,1,1,1,1,1,1
"547",1978,"NWAmes",9900,1098,7,0,0,0,0,0,0,0
"548",1788,"CollgCr",11838,1788,8,1,1,0,1,0,0,1
"549",1466,"Timber",8925,1466,8,1,1,0,1,0,0,0
"550",1905,"Somerst",11670,1905,9,1,1,1,1,1,1,0
"551",1500,"CollgCr",8487,1500,7,0,0,0,0,0,0,0
"552",747,"BrkSide",5825,747,4,0,0,0,0,0,0,0
"553",1971,"Somerst",9675,1113,7,1,1,0,1,0,0,1
"554",1962,"CollgCr",8760,1391,7,1,1,0,1,0,0,1
"555",2060,"Gilbert",8755,1022,7,1,1,1,1,0,0,1
"556",1440,"Edwards",7711,1440,4,0,0,0,0,0,0,0
"557",1632,"Mitchel",25000,1632,5,0,0,0,0,0,0,0
"558",1869,"OldTown",8820,1188,5,0,0,0,0,0,0,0
"559",1629,"Timber",14536,1629,8,1,1,1,1,1,1,1
"560",1776,"CollgCr",14006,936,7,0,0,0,0,0,0,0
"561",864,"NAmes",7200,864,5,0,0,0,0,0,0,0
"562",965,"SawyerW",7800,965,5,0,0,0,0,0,0,0
"563",768,"CollgCr",7200,768,5,0,0,0,0,0,0,0
"564",1057,"Sawyer",7420,1057,5,0,0,0,0,0,0,0
"565",1337,"CollgCr",8450,1337,7,0,0,0,0,0,0,0
"566",858,"BrkSide",7207,858,5,0,0,0,0,0,0,0
"567",2872,"NWAmes",12227,1542,6,1,1,1,1,1,1,1
"568",1548,"NPkVill",2308,804,6,0,0,0,0,0,0,0
"569",1894,"Timber",11316,824,7,1,1,1,1,1,1,1
"570",1308,"Crawfor",9600,976,5,0,0,0,0,0,0,0
"571",1095,"NAmes",10382,1095,6,0,0,0,0,0,0,0
"572",1192,"NAmes",10800,720,4,0,0,0,0,0,0,0
"573",1626,"NridgHt",2268,764,7,0,0,0,0,0,0,0
"574",918,"SawyerW",7892,918,6,0,0,0,0,0,0,0
"575",1428,"Somerst",11639,1428,7,0,0,0,0,0,0,0
"576",2019,"BrkSide",11414,1136,7,0,0,0,0,0,0,0
"577",869,"BrkSide",5900,869,4,0,0,0,0,0,0,0
"578",894,"Edwards",9450,894,4,0,0,0,0,0,0,0
"579",1121,"Sawyer",8816,1121,5,0,0,0,0,0,0,0
"580",2612,"NoRidge",12203,1276,8,1,1,1,1,1,1,1
"581",2290,"CollgCr",11250,1149,8,1,1,1,1,1,1,1
"582",1164,"Edwards",10880,1164,5,0,0,0,0,0,0,0
"583",1635,"OldTown",5310,1001,6,0,0,0,0,0,0,0
"584",1576,"Somerst",8125,778,7,0,0,0,0,0,0,0
"585",2392,"NoRidge",9452,1407,8,1,1,0,1,1,1,1
"586",1851,"NAmes",9760,1020,6,0,0,0,0,0,0,0
"587",1500,"CollgCr",8846,750,6,0,0,0,0,0,0,0
"588",1718,"NridgHt",12456,1718,10,1,1,1,1,1,1,1
"589",1230,"BrkSide",4712,774,4,0,0,0,0,0,0,0
"590",1442,"NWAmes",11717,1442,6,0,0,0,0,0,0,0
"591",1077,"IDOTRR",9786,1077,3,0,0,0,0,0,0,0
"592",1208,"CollgCr",6762,1208,7,1,1,0,1,0,0,0
"593",944,"Edwards",10206,944,3,0,0,0,0,0,0,0
"594",691,"OldTown",5400,691,5,0,0,0,0,0,0,0
"595",1680,"NWAmes",11500,1680,5,0,0,0,0,0,0,0
"596",985,"CollgCr",8385,985,5,0,0,0,0,0,0,0
"597",1657,"NAmes",12155,1657,6,0,0,0,0,0,0,0
"598",1092,"MeadowV",2217,546,4,0,0,0,0,0,0,0
"599",1710,"Mitchel",12118,1710,7,1,1,1,1,0,0,1
"600",1664,"Edwards",9825,1664,5,0,0,0,0,0,0,0
"601",1022,"OldTown",7200,1022,5,0,0,0,0,0,0,0
"602",1504,"CollgCr",11883,1504,7,1,1,0,1,0,0,1
"603",1472,"Gilbert",10784,802,7,0,0,0,0,0,0,0
"604",1506,"Blmngtn",3013,1506,7,1,1,0,1,0,0,0
"605",1220,"CollgCr",7406,1220,7,0,0,0,0,0,0,0
"606",1504,"Blmngtn",3182,1504,7,0,0,0,0,0,0,0
"607",2898,"Timber",15498,2898,8,1,1,1,1,1,1,1
"608",882,"CollgCr",7700,882,5,0,0,0,0,0,0,0
"609",1264,"NAmes",9300,1264,5,0,0,0,0,0,0,0
"610",1376,"NAmes",9492,968,5,0,0,0,0,0,0,0
"611",1218,"BrDale",1680,672,6,0,0,0,0,0,0,0
"612",1654,"CollgCr",8125,1654,7,1,1,0,1,0,0,1
"613",845,"Edwards",11500,845,4,0,0,0,0,0,0,0
"614",1620,"Timber",12898,1620,9,1,1,0,1,0,0,1
"615",1344,"MeadowV",1533,798,4,0,0,0,0,0,0,0
"616",1803,"Sawyer",13125,1803,5,0,0,0,0,0,0,0
"617",1632,"NWAmes",9130,800,6,0,0,0,0,0,0,0
"618",1306,"NridgHt",5381,1306,6,0,0,0,0,0,0,0
"619",1733,"Edwards",13680,1733,3,0,0,0,0,0,0,0
"620",990,"CollgCr",9245,990,5,0,0,0,0,0,0,0
"621",1771,"Mitchel",21750,1771,5,0,0,1,0,0,0,0
"622",1302,"Gilbert",8993,1302,7,0,0,0,0,0,0,0
"623",1316,"CollgCr",11175,1316,7,1,1,0,1,0,0,0
"624",1977,"NAmes",9500,1127,6,0,0,0,0,0,0,0
"625",1989,"CollgCr",11367,1091,8,1,1,0,1,0,0,1
"626",1523,"NWAmes",11361,1523,6,0,0,0,0,0,0,0
"627",1850,"NoRidge",29959,979,7,1,1,1,1,1,1,1
"628",2184,"NridgHt",11308,1130,9,1,1,1,1,1,1,1
"629",1991,"Crawfor",11275,1096,6,1,1,0,1,1,1,0
"630",1338,"StoneBr",4920,1338,8,1,1,0,1,0,0,0
"631",2337,"OldTown",13600,1422,5,0,0,0,0,0,0,1
"632",1103,"OldTown",6000,1103,6,0,0,0,0,0,0,0
"633",1154,"NAmes",11000,1154,5,0,0,0,0,0,0,0
"634",2260,"ClearCr",14000,1306,7,1,1,0,1,1,1,1
"635",1571,"Gilbert",7837,799,6,0,0,0,0,0,0,0
"636",2521,"MeadowV",3964,1291,6,0,0,1,0,1,1,0
"637",893,"NAmes",9600,893,5,0,0,0,0,0,0,0
"638",1048,"NAmes",10152,1048,5,0,0,0,0,0,0,0
"639",1556,"NWAmes",11700,829,6,0,0,0,0,0,0,0
"640",1456,"Edwards",7585,1002,5,0,0,0,0,0,0,0
"641",1426,"Edwards",7950,698,6,0,0,0,0,0,0,0
"642",1466,"OldTown",10800,1096,5,0,0,0,0,0,0,0
"643",848,"CollgCr",4435,848,6,0,0,0,0,0,0,0
"644",1251,"NAmes",8800,1251,6,0,0,0,0,0,0,0
"645",1498,"Gilbert",13031,691,6,0,0,0,0,0,0,0
"646",1953,"Somerst",10574,1082,8,1,1,0,1,1,1,1
"647",1247,"Somerst",3316,1247,8,0,0,0,0,0,0,0
"648",1252,"Somerst",2160,624,7,0,0,0,0,0,0,0
"649",1694,"SWISU",8400,1390,6,0,0,0,0,0,0,0
"650",1314,"CollgCr",9317,1314,6,0,0,0,0,0,0,0
"651",1355,"IDOTRR",6882,773,6,0,0,0,0,0,0,0
"652",1088,"StoneBr",3696,1088,8,0,0,0,0,0,0,0
"653",438,"SWISU",8400,438,2,0,0,0,0,0,0,0
"654",950,"NAmes",9758,950,5,0,0,0,0,0,0,0
"655",1442,"SawyerW",10357,1442,7,0,0,0,0,0,0,0
"656",1658,"Gilbert",8000,773,6,0,0,0,0,0,0,0
"657",816,"NAmes",7100,816,5,0,0,0,0,0,0,0
"658",1734,"NridgHt",12085,1734,8,1,1,1,1,0,0,1
"659",894,"Sawyer",9764,894,5,0,0,0,0,0,0,0
"660",1040,"NAmes",7560,1040,5,0,0,0,0,0,0,0
"661",1012,"IDOTRR",8263,1012,6,0,0,0,0,0,0,0
"662",1552,"CollgCr",10084,1552,7,1,1,0,1,0,0,1
"663",698,"Edwards",9405,698,5,0,0,0,0,0,0,0
"664",1005,"NAmes",10434,1005,4,0,0,0,0,0,0,0
"665",1555,"Blmngtn",3684,1555,7,0,0,0,0,0,0,0
"666",1530,"Gilbert",14572,1530,7,1,1,0,1,0,0,1
"667",974,"Mitchel",10712,974,5,0,0,0,0,0,0,0
"668",2210,"OldTown",9900,1178,6,0,0,0,0,0,0,0
"669",2020,"SawyerW",9828,1142,8,1,1,0,1,0,0,1
"670",986,"BrkSide",6180,986,6,0,0,0,0,0,0,0
"671",1020,"Sawyer",6342,780,5,0,0,0,0,0,0,0
"672",1567,"Mitchel",9819,1567,6,0,0,0,0,0,0,0
"673",1167,"BrkSide",8731,1167,5,0,0,0,0,0,0,0
"674",952,"NAmes",7350,952,5,0,0,0,0,0,0,0
"675",2828,"CollgCr",9965,1466,8,1,1,1,1,1,1,1
"676",1006,"Sawyer",9000,1006,5,0,0,0,0,0,0,0
"677",1576,"BrkSide",6240,1042,5,0,0,0,0,0,0,0
"678",1482,"OldTown",9000,832,7,0,0,0,0,0,0,0
"679",1811,"Crawfor",14115,1811,6,1,1,1,1,1,1,1
"680",816,"IDOTRR",5890,816,6,0,0,0,0,0,0,0
"681",1820,"NAmes",13700,902,7,1,1,1,1,0,0,1
"682",1437,"Veenker",10768,1437,5,1,1,0,1,0,0,0
"683",1314,"NridgHt",5001,1314,7,1,1,0,1,0,0,1
"684",1876,"NWAmes",9120,943,6,0,0,0,0,0,0,0
"685",1456,"NPkVill",2280,855,6,0,0,0,0,0,0,0
"686",1258,"Sawyer",12900,1258,4,0,0,0,0,0,0,0
"687",1502,"NridgHt",9541,1502,7,1,1,0,1,0,0,1
"688",1694,"CollgCr",10475,1694,8,1,1,0,1,0,0,0
"689",1671,"Gilbert",10852,959,6,0,0,0,0,0,0,0
"690",2108,"Edwards",13728,1236,6,1,1,1,1,0,0,1
"691",3627,"NoRidge",35760,1831,10,1,1,1,1,1,1,1
"692",1118,"Mitchel",9880,1118,6,0,0,0,0,0,0,0
"693",1261,"NAmes",9120,1261,6,0,0,0,0,0,0,0
"694",1250,"Somerst",4017,625,7,0,0,0,0,0,0,0
"695",3086,"ClearCr",18030,1636,5,1,1,1,1,1,1,1
"696",2345,"Crawfor",16560,1170,6,1,1,1,1,1,1,1
"697",923,"Mitchel",6951,923,5,0,0,0,0,0,0,0
"698",1343,"Crawfor",7681,820,5,0,0,0,0,0,0,0
"699",1124,"Edwards",8335,1124,5,0,0,0,0,0,0,0
"700",1652,"Crawfor",5587,1652,8,1,1,0,1,0,0,1
"701",4476,"NoRidge",15623,2411,10,1,1,1,1,1,1,1
"702",1130,"OldTown",10800,1130,5,0,0,0,0,0,0,0
"703",1572,"Timber",35133,1572,5,0,0,1,0,1,1,0
"704",1221,"Edwards",9738,949,5,0,0,0,0,0,0,0
"705",1660,"CollgCr",8935,831,7,0,0,0,0,0,0,0
"706",1804,"Gilbert",7500,1028,7,0,0,0,0,0,0,0
"707",1622,"Mitchel",32463,1622,4,0,0,0,0,0,0,0
"708",1441,"Somerst",2645,764,8,0,0,0,0,0,0,0
"709",1472,"OldTown",9600,842,5,0,0,0,0,0,0,0
"710",1224,"Mitchel",4500,1224,6,0,0,0,0,0,0,0
"711",1456,"Gilbert",8029,728,6,0,0,0,0,0,0,0
"712",1863,"Gilbert",14054,879,7,1,1,1,1,0,0,1
"713",1690,"OldTown",8850,815,7,0,0,0,0,0,0,0
"714",864,"NAmes",9353,864,4,0,0,0,0,0,0,0
"715",1779,"CollgCr",10400,866,7,0,0,0,0,0,0,0
"716",1630,"CollgCr",9750,1630,7,1,1,0,1,0,0,1
"717",2196,"SawyerW",14684,2196,7,1,1,1,1,0,0,1
"718",1056,"SawyerW",8900,1056,4,0,0,0,0,0,0,0
"719",1700,"CollgCr",9135,1700,6,1,1,0,1,0,0,1
"720",1283,"NAmes",7763,1283,5,0,0,0,0,0,0,0
"721",1845,"SawyerW",11218,1055,6,0,0,0,0,0,0,0
"722",1752,"Gilbert",12134,1080,8,0,0,1,0,0,0,0
"723",672,"Edwards",9340,672,4,0,0,0,0,0,0,0
"724",960,"Sawyer",10246,960,4,0,0,0,0,0,0,0
"725",999,"NAmes",10205,999,5,0,0,0,0,0,0,0
"726",1902,"Sawyer",8930,1318,6,0,0,0,0,0,0,0
"727",1218,"BrDale",1680,672,6,0,0,0,0,0,0,0
"728",912,"NAmes",7800,912,5,0,0,0,0,0,0,0
"729",2136,"NAmes",10680,2136,5,0,0,0,0,0,0,0
"730",1138,"NAmes",10482,1138,6,0,0,0,0,0,0,0
"731",1933,"Somerst",14598,894,6,1,1,1,1,1,1,1
"732",1702,"NridgHt",8769,1702,9,1,1,0,1,0,0,1
"733",2620,"Sawyer",18890,1361,5,0,0,0,0,1,1,0
"734",1190,"NAmes",7728,1190,5,0,0,0,0,0,0,0
"735",1224,"NAmes",9842,1224,4,0,0,0,0,0,0,0
"736",1964,"SWISU",8525,1024,5,0,0,0,0,0,0,0
"737",1948,"CollgCr",12393,847,7,0,0,1,0,0,0,1
"738",1141,"SawyerW",13072,1141,6,0,0,0,0,0,0,0
"739",1689,"Somerst",9849,1689,7,1,1,0,1,0,0,1
"740",1173,"NWAmes",10625,1173,7,0,0,0,0,0,0,0
"741",2076,"NridgHt",13891,2076,10,1,1,0,1,1,1,1
"742",1034,"Mitchel",12328,1034,6,0,0,0,0,0,0,0
"743",2058,"OldTown",9600,1134,6,0,0,0,0,0,0,0
"744",1405,"NridgHt",3136,1405,7,0,0,0,0,0,0,0
"745",2167,"Veenker",17542,1516,7,1,1,1,1,1,1,1
"746",1656,"Edwards",6931,760,7,0,0,0,0,0,0,0
"747",1367,"BrkSide",6240,959,6,0,0,0,0,0,0,0
"748",1987,"NoRidge",14303,1987,8,1,1,0,1,1,1,1
"749",1675,"Gilbert",24682,892,6,0,0,0,0,0,0,0
"750",1337,"NAmes",4060,1337,6,0,0,0,0,0,0,0
"751",1452,"Somerst",3735,713,7,0,0,0,0,0,0,0
"752",2018,"Timber",13214,2018,9,1,1,1,1,1,1,1
"753",3447,"Crawfor",14100,1968,8,1,1,1,1,1,1,1
"754",1489,"NWAmes",9156,1489,6,0,0,0,0,0,0,0
"755",935,"Sawyer",13526,935,5,0,0,0,0,0,0,0
"756",1357,"Edwards",11512,1357,6,0,0,0,0,0,0,0
"757",1724,"NWAmes",17871,1724,6,0,0,0,0,0,0,0
"758",1573,"CollgCr",9808,1573,7,1,1,0,1,0,0,1
"759",1339,"Timber",8049,1339,7,0,0,0,0,0,0,0
"760",1824,"Mitchel",9400,912,6,0,0,0,0,0,0,0
"761",2447,"SWISU",9638,1699,6,0,0,0,0,0,0,0
"762",1412,"BrkSide",6000,825,6,0,0,0,0,0,0,0
"763",1328,"NWAmes",9790,1328,6,0,0,0,0,0,0,0
"764",1582,"ClearCr",36500,1582,5,0,0,1,0,1,1,0
"765",1659,"StoneBr",5664,1659,8,1,1,0,1,0,0,1
"766",1302,"BrDale",1680,630,5,0,0,0,0,0,0,0
"767",1052,"NAmes",8400,1052,5,0,0,0,0,0,0,0
"768",1128,"NAmes",8700,1128,5,0,0,0,0,0,0,0
"769",1072,"Edwards",3675,1072,6,0,0,0,0,0,0,0
"770",5642,"Edwards",63887,4692,10,0,0,1,0,1,1,0
"771",1246,"NAmes",7500,1246,5,0,0,0,0,0,0,0
"772",1983,"Gilbert",10762,1005,7,1,1,0,1,0,0,1
"773",1494,"Crawfor",7500,753,6,0,0,0,0,0,0,0
"774",2526,"NoRidge",10120,1203,8,1,1,1,1,1,1,1
"775",1616,"Somerst",8688,1616,7,1,1,0,1,0,0,1
"776",1652,"NridgHt",13173,1652,9,1,1,1,1,0,0,1
"777",1368,"NridgHt",6955,1368,7,1,1,0,1,0,0,0
"778",990,"CollgCr",8072,990,5,0,0,0,0,0,0,0
"779",1902,"Crawfor",17500,1902,7,1,1,1,1,1,1,1
"780",1274,"CollgCr",8814,1274,7,1,1,0,1,0,0,0
"781",2810,"NoRidge",9572,1453,8,1,1,1,1,1,1,0
"782",2599,"NoRidge",14774,1422,9,1,1,1,1,1,1,1
"783",1352,"Somerst",4230,1352,7,1,1,0,1,0,0,0
"784",1478,"NAmes",8400,1478,6,0,0,0,0,0,0,0
"785",720,"BrkSide",6627,720,3,0,0,0,0,0,0,0
"786",1795,"Somerst",9986,1795,8,0,0,0,0,0,0,0
"787",796,"IDOTRR",3636,796,4,0,0,0,0,0,0,0
"788",2792,"OldTown",10440,1584,6,1,1,1,1,1,1,1
"789",1632,"Gilbert",9084,955,7,0,0,0,0,0,0,0
"790",954,"CollgCr",10780,954,5,0,0,0,0,0,0,0
"791",1365,"BrDale",2368,765,5,0,0,0,0,0,0,0
"792",693,"OldTown",4118,693,4,0,0,0,0,0,0,0
"793",1861,"CollgCr",13450,920,7,1,1,0,1,0,0,1
"794",864,"CollgCr",9560,864,5,0,0,0,0,0,0,0
"795",872,"NAmes",8294,872,4,0,0,0,0,0,0,0
"796",1114,"SawyerW",13695,1114,6,0,0,0,0,0,0,0
"797",2169,"CollgCr",9375,1284,8,1,1,0,1,1,1,1
"798",1913,"Crawfor",7558,1172,6,0,0,0,0,1,1,0
"799",1456,"CollgCr",11103,728,7,0,0,0,0,0,0,0
"800",2156,"NWAmes",20781,2156,7,1,1,1,1,1,1,1
"801",1776,"Timber",15306,1776,8,1,1,1,1,1,1,1
"802",1494,"SawyerW",16196,1494,7,1,1,0,1,0,0,1
"803",2358,"OldTown",5250,938,8,0,0,0,0,0,0,0
"804",2634,"NAmes",11643,1338,5,1,1,1,1,1,1,1
"805",1716,"NAmes",9247,858,6,0,0,0,0,0,0,0
"806",3238,"NoRidge",14720,2053,8,1,1,1,1,1,1,1
"807",1865,"CollgCr",10316,992,7,1,1,0,1,0,0,1
"808",1920,"NWAmes",10192,1222,7,0,0,0,0,0,0,0
"809",1078,"NAmes",12537,1078,5,0,0,0,0,0,0,0
"810",1980,"NridgHt",16737,1980,9,1,1,1,1,1,1,1
"811",2601,"SWISU",9842,990,5,0,0,0,0,0,0,0
"812",1530,"StoneBr",16158,1530,7,1,1,1,1,0,0,1
"813",1674,"Somerst",7500,814,7,1,1,0,1,0,0,1
"814",1790,"CollgCr",9179,882,7,0,0,0,0,0,0,0
"815",1475,"MeadowV",2665,925,5,0,0,0,0,0,0,0
"816",848,"CollgCr",4435,848,6,0,0,0,0,0,0,0
"817",1374,"OldTown",5400,840,4,0,0,0,0,0,0,0
"818",2097,"CollgCr",9750,1108,7,1,1,0,1,1,1,1
"819",1958,"Somerst",10625,1026,7,1,1,0,1,1,1,1
"820",1571,"Timber",10991,1571,8,1,1,0,1,0,0,1
"821",1604,"Edwards",10998,984,5,0,0,0,0,0,0,0
"822",987,"BrDale",1953,483,6,0,0,0,0,0,0,0
"823",864,"Edwards",8212,864,3,0,0,0,0,0,0,0
"824",1416,"Sawyer",25339,1416,5,0,0,0,0,0,0,0
"825",1258,"Edwards",9060,698,6,0,0,0,0,0,0,0
"826",1154,"IDOTRR",5436,796,4,0,0,0,0,0,0,0
"827",1746,"Gilbert",14892,1746,9,1,1,1,1,0,0,1
"828",900,"NAmes",7838,900,5,0,0,0,0,0,0,0
"829",1687,"Timber",57200,1687,5,0,0,1,0,1,1,0
"830",1513,"BrkSide",6120,939,5,0,0,0,0,0,0,0
"831",1904,"NAmes",7200,1136,5,0,0,0,0,0,0,0
"832",1158,"BrkSide",6000,950,6,0,0,0,0,0,0,0
"833",1593,"Gilbert",7415,864,6,0,0,0,0,0,0,0
"834",1294,"CollgCr",6762,1294,7,0,0,0,0,0,0,0
"835",1214,"OldTown",10410,694,3,0,0,0,0,0,0,0
"836",1646,"Crawfor",3842,1646,8,1,1,0,1,0,0,0
"837",833,"Mitchel",8780,833,5,0,0,0,0,0,0,0
"838",1363,"OldTown",7740,741,4,0,0,0,0,0,0,0
"839",2093,"NWAmes",20544,1236,7,1,1,1,1,0,0,1
"840",1040,"NAmes",7200,1040,4,0,0,0,0,0,0,0
"841",1844,"SawyerW",10994,1844,8,1,1,0,1,0,0,1
"842",1144,"NAmes",9204,1144,5,0,0,0,0,0,0,0
"843",1416,"NWAmes",11700,708,6,0,0,0,0,0,0,0
"844",1069,"NPkVill",4043,1069,6,0,0,0,0,0,0,0
"845",2201,"Edwards",19690,1575,6,1,1,1,1,0,0,1
"846",1344,"NAmes",9503,1344,5,0,0,0,0,0,0,0
"847",1440,"NWAmes",12546,1440,6,0,0,0,0,0,0,0
"848",1838,"Gilbert",21930,734,5,0,0,0,0,0,0,0
"849",958,"NPkVill",4928,958,6,0,0,0,0,0,0,0
"850",968,"OldTown",10800,968,4,0,0,0,0,0,0,0
"851",1537,"NAmes",8400,1537,6,0,0,0,0,0,0,0
"852",864,"NAmes",9000,864,4,0,0,0,0,0,0,0
"853",1932,"NridgHt",12444,1932,8,1,1,1,1,1,1,1
"854",1725,"NWAmes",11584,1040,7,0,0,0,0,0,0,0
"855",2555,"Crawfor",11526,1423,6,0,0,0,0,1,1,0
"856",848,"CollgCr",4426,848,6,0,0,0,0,0,0,0
"857",2007,"Somerst",11003,1026,10,1,1,1,1,1,1,1
"858",952,"BrkSide",8854,952,6,0,0,0,0,0,0,0
"859",1422,"CollgCr",8500,1422,7,0,0,0,0,0,0,0
"860",1792,"NAmes",9000,896,5,0,0,0,0,0,0,0
"861",1578,"Somerst",9262,1578,8,1,1,0,1,0,0,1
"862",1072,"Edwards",3675,1072,5,0,0,0,0,0,0,0
"863",1140,"Mitchel",17217,1140,5,0,0,0,0,0,0,0
"864",1221,"Somerst",7500,1221,7,0,0,0,0,0,0,0
"865",2340,"Crawfor",9042,1188,7,1,1,1,1,1,1,1
"866",1078,"NAmes",9717,1078,5,0,0,0,0,0,0,0
"867",1256,"Edwards",9937,1256,5,0,0,0,0,0,0,0
"868",1629,"Gilbert",13830,928,5,0,0,0,0,0,0,0
"869",1604,"Gilbert",9978,926,6,0,0,0,0,0,0,0
"870",1187,"Gilbert",7980,1187,6,0,0,0,0,0,0,0
"871",1341,"Gilbert",10176,1341,7,0,0,0,0,0,0,0
"872",882,"NAmes",8400,882,4,0,0,0,0,0,0,0
"873",1337,"NAmes",5858,1337,7,0,0,0,0,0,0,0
"874",987,"BrDale",1680,483,6,0,0,0,0,0,0,0
"875",836,"NPkVill",2280,836,7,0,0,0,0,0,0,0
"876",2334,"NridgHt",12858,1627,9,0,0,1,0,1,1,0
"877",1544,"NridgHt",12883,1544,8,0,0,0,0,0,0,1
"878",1698,"NridgHt",11520,1698,9,0,0,0,0,0,0,0
"879",1822,"NridgHt",14122,1822,8,0,0,1,0,1,1,0
"880",1370,"NridgHt",7132,1370,8,0,0,0,0,0,0,0
"881",1324,"Gilbert",18494,1324,6,0,0,0,0,0,0,0
"882",1145,"Blmngtn",3203,1145,7,0,0,0,0,0,0,0
"883",1659,"SawyerW",11920,831,7,0,0,0,0,0,0,0
"884",1012,"SawyerW",9800,1012,5,0,0,0,0,0,0,0
"885",1494,"Sawyer",15410,1494,6,0,0,0,0,0,0,0
"886",2349,"NoRidge",13143,1251,8,1,1,1,1,1,1,1
"887",2225,"NoRidge",11134,1402,8,0,0,1,0,1,1,0
"888",1488,"Somerst",4835,1488,7,0,0,0,0,0,0,0
"889",1680,"Somerst",3515,840,7,0,0,0,0,0,0,0
"890",1200,"Somerst",3215,600,7,0,0,0,0,0,0,0
"891",1200,"Somerst",2544,600,7,0,0,0,0,0,0,0
"892",1236,"Somerst",2544,600,6,0,0,0,0,0,0,0
"893",1080,"Somerst",2403,530,7,0,0,0,0,0,0,0
"894",1492,"Somerst",8000,1492,7,0,0,0,0,0,0,0
"895",1829,"NWAmes",10456,1829,6,0,0,0,0,0,0,0
"896",1891,"NWAmes",18837,1287,6,0,0,0,0,0,0,0
"897",1645,"NWAmes",9600,930,6,0,0,0,0,0,0,0
"898",1232,"NAmes",9600,1232,5,0,0,0,0,0,0,0
"899",1209,"NAmes",9900,1209,5,0,0,0,0,0,0,0
"900",1775,"NAmes",10600,1131,6,0,0,0,0,0,0,0
"901",2461,"NAmes",9724,1929,5,0,0,1,0,0,0,0
"902",1604,"NAmes",8267,1604,5,0,0,0,0,0,0,0
"903",1143,"NAmes",8050,1143,5,0,0,0,0,0,0,0
"904",1206,"NAmes",10725,1206,5,0,0,0,0,0,0,0
"905",1337,"NAmes",8382,832,4,0,0,0,0,0,0,0
"906",972,"NAmes",10895,972,5,0,0,0,0,0,0,0
"907",1224,"NAmes",8064,816,6,0,0,0,0,0,0,0
"908",1175,"NAmes",7635,1175,5,0,0,0,0,0,0,0
"909",1395,"NAmes",9760,1395,6,0,0,0,0,0,0,0
"910",1347,"OldTown",5805,1347,5,0,0,0,0,0,0,0
"911",1245,"OldTown",8239,1060,5,0,0,0,0,0,0,0
"912",832,"OldTown",9656,832,2,0,0,0,0,0,0,0
"913",1566,"OldTown",9600,930,8,0,0,0,0,0,0,0
"914",2256,"OldTown",9045,1128,5,0,0,0,0,0,0,0
"915",1612,"BrkSide",5830,1030,5,0,0,0,0,0,0,0
"916",1132,"BrkSide",6000,608,6,0,0,0,0,0,0,0
"917",1196,"BrkSide",6000,848,6,0,0,0,0,0,0,0
"918",1453,"BrkSide",6360,955,5,0,0,0,0,0,0,0
"919",1962,"OldTown",8094,888,4,0,0,0,0,0,0,0
"920",1560,"OldTown",12900,780,6,0,0,0,0,0,0,0
"921",1324,"OldTown",3068,662,6,0,0,0,0,0,0,0
"922",1224,"ClearCr",10632,725,5,0,0,0,0,0,0,0
"923",1392,"SWISU",9900,1212,5,0,0,0,0,0,0,0
"924",1884,"SWISU",6449,942,4,0,0,0,0,0,0,0
"925",1680,"SWISU",6048,936,5,0,0,0,0,0,0,0
"926",892,"Sawyer",7800,892,5,0,0,0,0,0,0,0
"927",1373,"Sawyer",7424,1373,5,0,0,0,0,0,0,0
"928",756,"Sawyer",9259,756,4,0,0,0,0,0,0,0
"929",1981,"ClearCr",17082,1117,6,1,1,1,1,0,0,1
"930",1610,"Edwards",18600,1052,3,1,1,0,1,0,0,0
"931",1531,"Edwards",9350,1169,4,0,0,0,0,0,0,0
"932",1508,"Edwards",17485,1508,7,0,0,0,0,0,0,0
"933",1433,"SawyerW",11980,1433,7,0,0,0,0,0,0,0
"934",1802,"SawyerW",12361,964,6,0,0,0,0,0,0,0
"935",1222,"CollgCr",7360,1222,7,0,0,0,0,0,0,0
"936",1692,"CollgCr",9337,892,7,0,0,0,0,0,0,0
"937",1026,"CollgCr",15240,1026,5,0,0,0,0,0,0,0
"938",876,"CollgCr",7480,876,5,0,0,0,0,0,0,0
"939",1978,"CollgCr",10389,1978,8,0,0,0,0,1,1,0
"940",2098,"CollgCr",9375,1044,7,0,0,1,0,1,1,1
"941",848,"CollgCr",4435,848,6,0,0,0,0,0,0,0
"942",640,"Edwards",8777,640,3,0,0,0,0,0,0,0
"943",992,"Edwards",8842,992,5,0,0,0,0,0,0,0
"944",1196,"Edwards",10044,1196,5,0,0,0,0,0,0,0
"945",1120,"Edwards",11792,792,4,0,0,0,0,0,0,0
"946",856,"SWISU",7890,856,6,0,0,0,0,0,0,0
"947",2650,"SWISU",7200,862,4,1,1,1,1,0,0,1
"948",1666,"SWISU",9839,894,5,0,0,0,0,0,0,0
"949",2177,"Crawfor",15600,1102,5,1,1,1,1,1,1,1
"950",1652,"Crawfor",19645,896,7,1,1,1,1,1,1,1
"951",1034,"Blueste",3907,1034,8,0,0,0,0,0,0,0
"952",1191,"Blueste",3907,1191,8,0,0,0,0,0,0,0
"953",952,"IDOTRR",8712,952,4,0,0,0,0,0,0,0
"954",1646,"Crawfor",3811,1646,8,0,0,0,0,0,0,0
"955",1916,"Mitchel",11050,1036,8,0,0,0,0,0,0,0
"956",1285,"Mitchel",9620,1285,6,0,0,0,0,0,0,0
"957",2048,"Mitchel",12760,2048,6,1,1,1,1,0,0,1
"958",1346,"Timber",11896,1346,7,0,0,0,0,0,0,0
"959",1444,"Timber",9802,744,5,0,0,0,0,0,0,0
"960",1264,"Mitchel",15300,1264,5,0,0,0,0,0,0,0
"961",945,"MeadowV",2394,945,5,0,0,0,0,0,0,0
"962",1092,"MeadowV",1476,546,4,0,0,0,0,0,0,0
"963",1092,"MeadowV",1900,546,4,0,0,0,0,0,0,0
"964",1092,"MeadowV",1890,546,4,0,0,0,0,0,0,0
"965",833,"Mitchel",12887,833,5,0,0,0,0,0,0,0
"966",1479,"Mitchel",10544,864,5,1,1,0,1,0,0,1
"967",1803,"Mitchel",9892,1803,8,0,0,0,0,0,0,0
"968",882,"NAmes",13008,882,6,0,0,0,0,0,0,0
"969",1434,"NAmes",10200,1434,6,0,0,0,0,0,0,0
"970",2283,"Gilbert",11792,1008,8,1,1,1,1,0,0,1
"971",1628,"Gilbert",8400,958,7,0,0,0,0,0,0,0
"972",2522,"StoneBr",7296,2522,8,0,0,1,0,1,1,0
"973",1734,"StoneBr",8013,1734,8,0,0,0,0,0,0,0
"974",1382,"Gilbert",8923,751,7,0,0,0,0,0,0,0
"975",1636,"Gilbert",7500,952,6,0,0,0,0,0,0,0
"976",1190,"Gilbert",7250,1190,6,0,0,0,0,0,0,0
"977",1934,"Gilbert",11900,946,5,0,0,0,0,0,0,0
"978",2050,"NWAmes",13250,1154,7,1,1,0,1,0,0,1
"979",1671,"NWAmes",10928,1671,6,0,0,0,0,0,0,0
"980",2673,"NWAmes",12388,1539,7,1,1,1,1,1,1,1
"981",1707,"NWAmes",11088,1707,6,0,0,0,0,0,0,0
"982",1811,"Somerst",8470,972,8,0,0,0,0,0,0,0
"983",1621,"NWAmes",9373,1621,5,0,0,0,0,0,0,0
"984",1116,"NWAmes",10140,1116,6,0,0,0,0,0,0,0
"985",1193,"NWAmes",11050,1193,7,0,0,0,0,0,0,0
"986",864,"NAmes",7038,864,4,0,0,0,0,0,0,0
"987",864,"NAmes",9000,864,4,0,0,0,0,0,0,0
"988",987,"BrDale",1680,483,6,0,0,0,0,0,0,0
"989",987,"BrDale",1680,483,6,0,0,0,0,0,0,0
"990",1548,"NPkVill",2308,804,6,0,0,0,0,0,0,0
"991",1055,"NPkVill",2280,1055,7,0,0,0,0,0,0,0
"992",1456,"NPkVill",2349,855,6,0,0,0,0,0,0,0
"993",1548,"NPkVill",2364,804,6,0,0,0,0,0,0,0
"994",1456,"NPkVill",2364,855,6,0,0,0,0,0,0,0
"995",836,"NPkVill",2104,836,7,0,0,0,0,0,0,0
"996",1120,"NAmes",10710,1120,5,0,0,0,0,0,0,0
"997",2674,"NridgHt",13693,2674,10,0,0,0,0,1,1,0
"998",1736,"NridgHt",11578,1736,9,0,0,0,0,1,1,0
"999",1782,"NridgHt",16870,1782,8,0,0,1,0,1,1,0
"1000",1531,"NridgHt",10872,1531,9,0,0,0,0,0,0,0
"1001",1808,"NridgHt",13514,1808,9,0,0,1,0,1,1,0
"1002",2400,"NridgHt",13262,1105,8,1,1,1,1,1,1,1
"1003",1606,"NridgHt",9658,1606,8,0,0,0,0,0,0,0
"1004",1358,"NridgHt",6904,1358,6,0,0,0,0,0,0,0
"1005",1358,"NridgHt",10307,1358,7,0,0,0,0,0,0,0
"1006",1456,"NridgHt",6472,1456,9,0,0,0,0,0,0,0
"1007",1712,"NridgHt",16770,1712,8,0,0,1,0,1,1,1
"1008",1405,"NridgHt",3480,1405,7,0,0,0,0,0,0,0
"1009",1490,"Gilbert",8918,745,6,0,0,0,0,0,0,0
"1010",1630,"Gilbert",7984,868,7,0,0,0,0,0,0,0
"1011",1594,"Gilbert",10125,846,7,0,0,0,0,0,0,0
"1012",1489,"Gilbert",8965,806,7,0,0,0,0,0,0,0
"1013",1342,"Gilbert",8174,698,7,0,0,0,0,0,0,0
"1014",2004,"Gilbert",12891,878,8,1,1,1,1,0,0,1
"1015",1430,"Gilbert",7750,774,7,0,0,0,0,0,0,0
"1016",2312,"Gilbert",15896,1223,7,1,1,1,1,0,0,1
"1017",2687,"NoRidge",12720,1466,8,1,1,1,1,1,1,1
"1018",2063,"NoRidge",10750,2063,8,0,0,1,0,1,1,0
"1019",2232,"NoRidge",11692,1215,8,0,0,1,0,1,1,0
"1020",1658,"Somerst",10206,1658,8,0,0,0,0,0,0,0
"1021",1702,"Somerst",10130,1702,8,0,0,0,0,0,0,0
"1022",1432,"Somerst",9139,1432,8,0,0,0,0,0,0,0
"1023",2490,"Somerst",11128,2490,9,0,0,0,0,1,1,0
"1024",1436,"Somerst",7993,1436,7,0,0,0,0,0,0,0
"1025",1402,"Somerst",8640,1402,7,0,0,0,0,0,0,0
"1026",1795,"Somerst",10603,909,8,0,0,0,0,0,0,0
"1027",1836,"Somerst",8125,1836,8,0,0,1,0,0,0,0
"1028",1662,"Somerst",10625,1662,7,0,0,0,0,0,0,0
"1029",1553,"Somerst",8736,1553,7,0,0,0,0,0,0,0
"1030",1653,"Somerst",8127,812,7,0,0,0,0,0,0,0
"1031",1512,"SawyerW",10141,1512,8,0,0,0,0,0,0,0
"1032",1114,"SawyerW",13072,1114,5,0,0,0,0,0,0,0
"1033",2122,"SawyerW",11492,913,7,0,0,1,0,0,0,1
"1034",1332,"SawyerW",7175,1332,6,0,0,0,0,0,0,0
"1035",864,"Sawyer",9079,864,5,0,0,0,0,0,0,0
"1036",1020,"Sawyer",9316,1020,5,0,0,0,0,0,0,0
"1037",912,"Sawyer",7150,912,5,0,0,0,0,0,0,0
"1038",2014,"Veenker",15676,2014,8,0,0,0,0,0,0,0
"1039",1755,"NoRidge",11949,975,7,0,0,0,0,0,0,0
"1040",3005,"Somerst",2880,1376,7,0,0,1,0,1,1,0
"1041",1726,"Somerst",3830,1726,6,0,0,0,0,0,0,0
"1042",1256,"Somerst",4217,1256,6,0,0,0,0,0,0,0
"1043",1694,"Veenker",14694,1694,8,0,0,0,0,0,0,0
"1044",1740,"Veenker",15417,1740,7,0,0,0,0,0,0,0
"1045",2499,"Veenker",9600,1487,8,0,0,0,0,0,0,0
"1046",2067,"NWAmes",12732,1285,7,0,0,0,0,0,0,0
"1047",1336,"NWAmes",9600,1336,5,0,0,0,0,0,0,0
"1048",1568,"NAmes",9600,1568,5,0,0,0,0,0,0,0
"1049",1320,"NWAmes",16500,1320,6,0,0,0,0,0,0,0
"1050",864,"NAmes",8125,864,5,0,0,0,0,0,0,0
"1051",1728,"NAmes",13495,1728,5,0,0,0,0,0,0,0
"1052",1313,"NAmes",9350,1313,5,0,0,0,0,0,0,0
"1053",1292,"NAmes",10500,1292,5,0,0,0,0,0,0,0
"1054",2140,"NAmes",8970,825,5,0,0,0,0,0,0,0
"1055",1576,"NAmes",11475,1576,6,1,1,0,1,0,0,0
"1056",960,"NAmes",9768,960,5,0,0,0,0,0,0,0
"1057",1691,"NAmes",9900,1691,6,0,0,0,0,0,0,0
"1058",1567,"NAmes",14695,1567,6,0,0,0,0,0,0,0
"1059",1329,"NAmes",12285,1329,7,0,0,0,0,0,0,0
"1060",1202,"NAmes",8750,1202,5,0,0,0,0,0,0,0
"1061",1382,"NAmes",8750,1382,5,0,0,0,0,0,0,0
"1062",1200,"NAmes",10400,1200,4,0,0,0,0,0,0,0
"1063",1866,"NAmes",9482,1866,5,1,1,0,1,0,0,0
"1064",1062,"NAmes",8128,1062,6,0,0,0,0,0,0,0
"1065",1031,"NAmes",7626,1031,5,0,0,0,0,0,0,0
"1066",1210,"NAmes",9533,1210,5,0,0,0,0,0,0,0
"1067",792,"OldTown",5470,792,3,0,0,0,0,0,0,0
"1068",2377,"OldTown",10410,1313,4,0,0,0,0,0,0,0
"1069",1690,"OldTown",7200,930,7,0,0,0,0,0,0,0
"1070",599,"OldTown",5400,599,2,0,0,0,0,0,0,0
"1071",1380,"NAmes",10143,1380,6,0,0,0,0,0,0,0
"1072",1040,"NAmes",11500,1040,6,0,0,0,0,0,0,0
"1073",951,"NAmes",8010,951,6,0,0,0,0,0,0,0
"1074",1105,"NAmes",10454,1105,6,0,0,0,0,0,0,0
"1075",1133,"NAmes",8064,765,6,0,0,0,0,0,0,0
"1076",1041,"NAmes",7350,1041,5,0,0,0,0,0,0,0
"1077",1183,"NAmes",8000,1183,5,0,0,0,0,0,0,0
"1078",1806,"NAmes",7570,993,6,0,0,0,0,0,0,0
"1079",941,"NAmes",8604,941,5,0,0,0,0,0,0,0
"1080",1944,"OldTown",10307,972,6,0,0,0,0,0,0,0
"1081",1464,"OldTown",9900,764,5,0,0,0,0,0,0,0
"1082",1558,"OldTown",6406,868,5,0,0,0,0,0,0,0
"1083",1447,"OldTown",10134,801,5,0,0,0,0,0,0,0
"1084",1328,"OldTown",6000,768,5,0,0,0,0,0,0,0
"1085",861,"OldTown",7404,861,4,0,0,0,0,0,0,0
"1086",612,"OldTown",5925,612,2,0,0,0,0,0,0,0
"1087",2007,"OldTown",8400,1090,6,0,0,0,0,0,0,0
"1088",1288,"OldTown",3600,664,6,0,0,0,0,0,0,0
"1089",816,"OldTown",3300,816,4,0,0,0,0,0,0,0
"1090",797,"IDOTRR",9392,797,3,0,0,0,0,0,0,0
"1091",1432,"BrkSide",6615,1432,6,0,0,0,0,0,0,0
"1092",1654,"BrkSide",4960,1001,5,0,0,0,0,0,0,0
"1093",1142,"BrkSide",6000,822,5,0,0,0,0,0,0,0
"1094",1768,"OldTown",8094,1048,6,0,0,0,0,0,0,0
"1095",1944,"OldTown",9928,1272,7,0,0,0,0,0,0,0
"1096",2128,"OldTown",3000,1088,5,0,0,0,0,0,0,0
"1097",1930,"IDOTRR",6876,1146,6,0,0,0,0,0,0,0
"1098",1864,"OldTown",5852,978,7,1,1,0,1,0,0,1
"1099",892,"IDOTRR",5160,892,4,0,0,0,0,0,0,0
"1100",1403,"IDOTRR",10320,754,6,0,0,0,0,0,0,0
"1101",704,"Sawyer",4280,704,4,0,0,0,0,0,0,0
"1102",1200,"Edwards",10800,1200,5,0,0,0,0,0,0,0
"1103",1152,"Edwards",10547,1152,5,0,0,0,0,0,0,0
"1104",1052,"Sawyer",11625,1052,5,0,0,0,0,0,0,0
"1105",1138,"Sawyer",15312,1138,6,0,0,0,0,0,0,0
"1106",1639,"Edwards",9350,892,6,0,0,0,0,0,0,0
"1107",1089,"Edwards",7440,1089,5,0,0,0,0,0,0,0
"1108",1049,"Edwards",4235,1049,5,0,0,0,0,0,0,0
"1109",1061,"SawyerW",10778,1061,7,0,0,0,0,0,0,0
"1110",1338,"SawyerW",19255,1338,6,0,0,0,0,0,0,0
"1111",1879,"SawyerW",10560,1079,7,0,0,0,0,0,0,0
"1112",2016,"SawyerW",26400,1288,5,1,1,1,1,1,1,1
"1113",2228,"SawyerW",7018,1114,5,1,1,1,1,0,0,1
"1114",1535,"SawyerW",7018,1535,5,0,0,0,0,0,0,0
"1115",1513,"SawyerW",7007,1513,5,0,0,0,0,0,0,0
"1116",2787,"SawyerW",11855,1168,7,1,1,1,1,1,1,1
"1117",2787,"SawyerW",7939,1168,7,1,1,1,1,1,1,1
"1118",1720,"CollgCr",10816,1720,9,0,0,1,0,0,0,0
"1119",1468,"CollgCr",9178,1468,8,0,0,0,0,0,0,0
"1120",1838,"CollgCr",11422,1838,8,0,0,1,0,0,0,0
"1121",1290,"CollgCr",6762,1290,7,0,0,0,0,0,0,0
"1122",1254,"CollgCr",10324,1254,8,0,0,0,0,0,0,0
"1123",1498,"CollgCr",11645,1498,8,0,0,0,0,0,0,0
"1124",1759,"ClearCr",16698,944,7,0,0,0,0,0,0,0
"1125",1463,"CollgCr",14753,1463,7,0,0,0,0,0,0,0
"1126",1492,"CollgCr",11166,1492,7,0,0,0,0,0,0,0
"1127",907,"CollgCr",16269,907,5,0,0,0,0,0,0,0
"1128",914,"CollgCr",6950,914,5,0,0,0,0,0,0,0
"1129",2184,"CollgCr",12334,1068,8,1,1,1,1,1,1,1
"1130",1725,"CollgCr",8749,840,7,0,0,0,0,0,0,0
"1131",1870,"CollgCr",11250,944,7,0,0,0,0,0,0,0
"1132",1513,"CollgCr",15750,1513,8,0,0,0,0,0,0,0
"1133",1417,"CollgCr",8750,1417,7,0,0,0,0,0,0,0
"1134",1072,"Edwards",3675,1072,6,0,0,0,0,0,0,0
"1135",876,"Edwards",6410,876,4,0,0,0,0,0,0,0
"1136",1560,"Edwards",11767,1560,5,0,0,0,0,0,0,0
"1137",1298,"Edwards",8212,854,5,0,0,0,0,0,0,0
"1138",1268,"SWISU",6300,832,5,0,0,0,0,0,0,0
"1139",1242,"SWISU",5707,647,6,0,0,0,0,0,0,0
"1140",1232,"Crawfor",8574,1232,6,0,0,0,0,0,0,0
"1141",1567,"Crawfor",13680,840,5,0,0,0,0,0,0,0
"1142",2480,"Crawfor",8145,1240,7,1,1,1,1,1,1,1
"1143",1561,"Crawfor",13339,1561,6,0,0,0,0,0,0,0
"1144",1906,"Crawfor",17500,1906,6,0,0,0,0,1,1,0
"1145",1229,"Blueste",1488,561,6,0,0,0,0,0,0,0
"1146",1229,"Blueste",1612,561,6,0,0,0,0,0,0,0
"1147",1982,"Crawfor",13607,1182,6,0,0,0,0,1,1,0
"1148",810,"IDOTRR",21780,810,2,0,0,0,0,0,0,0
"1149",1287,"Mitchel",9360,1287,6,0,0,0,0,0,0,0
"1150",1595,"Mitchel",11070,1595,5,0,0,0,0,0,0,0
"1151",2014,"Timber",9157,1072,7,0,0,0,0,1,1,1
"1152",1978,"Timber",12633,1978,9,0,0,0,0,1,1,0
"1153",1008,"Mitchel",12518,1008,5,0,0,0,0,0,0,0
"1154",1404,"Mitchel",13383,1404,5,0,0,0,0,0,0,0
"1155",796,"Mitchel",7689,796,5,0,0,0,0,0,0,0
"1156",883,"Mitchel",7669,883,5,0,0,0,0,0,0,0
"1157",1632,"Mitchel",10457,784,5,0,0,0,0,0,0,0
"1158",1604,"Gilbert",8702,926,6,0,0,0,0,0,0,0
"1159",1470,"Gilbert",8139,680,6,0,0,0,0,0,0,0
"1160",1604,"Gilbert",9535,926,6,0,0,0,0,0,0,0
"1161",1636,"Gilbert",15038,916,6,0,0,0,0,0,0,0
"1162",1384,"Gilbert",14137,1384,5,0,0,0,0,0,0,0
"1163",1633,"Gilbert",11184,932,6,0,0,0,0,0,0,0
"1164",1337,"StoneBr",5950,1337,8,0,0,0,0,0,0,0
"1165",2500,"StoneBr",13543,1168,8,1,1,1,1,1,1,1
"1166",1884,"StoneBr",15401,1884,9,0,0,1,0,1,1,1
"1167",1474,"Gilbert",31220,1474,6,1,1,0,1,0,0,1
"1168",1710,"StoneBr",8118,1710,9,0,0,0,0,0,0,0
"1169",1688,"NWAmes",12680,1688,7,0,0,0,0,0,0,0
"1170",1260,"NWAmes",10825,1260,7,0,0,0,0,0,0,0
"1171",2064,"NWAmes",18559,2064,7,1,1,1,1,0,0,1
"1172",2044,"NWAmes",10400,1277,7,0,0,0,0,0,0,0
"1173",2840,"NWAmes",12511,1420,7,1,1,1,1,1,1,1
"1174",1444,"NWAmes",10400,1444,6,0,0,0,0,0,0,0
"1175",2340,"NWAmes",14311,1236,8,1,1,1,1,1,1,1
"1176",987,"BrDale",1680,483,6,0,0,0,0,0,0,0
"1177",987,"BrDale",1890,483,6,0,0,0,0,0,0,0
"1178",1456,"NPkVill",2308,855,6,0,0,0,0,0,0,0
"1179",1055,"NPkVill",2529,1055,7,0,0,0,0,0,0,0
"1180",1582,"NridgHt",12704,1582,8,0,0,0,0,0,0,0
"1181",1950,"NridgHt",14418,1950,9,0,0,0,0,1,1,0
"1182",2748,"NridgHt",13418,1850,9,1,1,1,1,1,1,1
"1183",2088,"NridgHt",8899,948,8,0,0,1,0,1,1,0
"1184",2690,"NridgHt",16451,1804,8,1,1,1,1,1,1,1
"1185",1866,"NridgHt",10110,1866,9,0,0,1,0,1,1,0
"1186",1367,"NridgHt",12304,1367,7,0,0,0,0,0,0,0
"1187",1342,"NridgHt",6240,1342,8,0,0,0,0,0,0,0
"1188",1342,"NridgHt",6240,1342,8,0,0,0,0,0,0,0
"1189",1515,"Gilbert",9024,813,6,0,0,0,0,0,0,0
"1190",1720,"Gilbert",8010,840,7,0,0,0,0,0,0,0
"1191",1358,"NridgHt",7301,1358,7,0,0,0,0,0,0,0
"1192",2322,"Gilbert",12460,1037,7,1,1,1,1,0,0,1
"1193",1651,"Gilbert",8390,873,7,0,0,0,0,0,0,0
"1194",2006,"NoRidge",11675,2006,8,0,0,0,0,1,1,0
"1195",2125,"NoRidge",10990,1064,7,0,0,1,0,1,1,0
"1196",1861,"Somerst",9801,1341,8,0,0,0,0,0,0,0
"1197",1660,"Somerst",10625,1660,8,0,0,0,0,0,0,0
"1198",1218,"Somerst",7500,1218,7,0,0,0,0,0,0,0
"1199",1696,"SawyerW",10110,835,6,0,0,0,0,0,0,0
"1200",1175,"SawyerW",13072,1175,6,0,0,0,0,0,0,0
"1201",1162,"SawyerW",9260,1162,7,0,0,0,0,0,0,0
"1202",1680,"SawyerW",8480,886,6,0,0,0,0,0,0,0
"1203",1657,"SawyerW",14565,832,7,0,0,0,0,0,0,0
"1204",1677,"SawyerW",8450,827,6,0,0,0,0,0,0,0
"1205",864,"Sawyer",8100,864,5,0,0,0,0,0,0,0
"1206",864,"Sawyer",6360,864,5,0,0,0,0,0,0,0
"1207",2786,"NoRidge",11025,1827,9,0,0,1,0,1,1,0
"1208",1245,"Somerst",3435,1245,7,0,0,0,0,0,0,0
"1209",1200,"Somerst",3180,600,6,0,0,0,0,0,0,0
"1210",1419,"Somerst",4385,1419,9,0,0,0,0,0,0,0
"1211",1404,"Somerst",2160,684,7,0,0,0,0,0,0,0
"1212",1789,"Somerst",10646,872,7,0,0,0,0,0,0,0
"1213",1586,"Somerst",2645,962,8,0,0,0,0,0,0,0
"1214",1607,"Somerst",2645,962,8,0,0,0,0,0,0,0
"1215",2393,"Somerst",3951,1469,10,0,0,0,0,1,1,0
"1216",1239,"Veenker",11064,1239,8,0,0,0,0,0,0,0
"1217",1427,"NWAmes",11104,1427,6,0,0,0,0,0,0,0
"1218",1740,"NWAmes",11050,1740,6,1,1,0,1,0,0,0
"1219",1620,"NWAmes",15387,1620,7,1,1,1,1,0,0,1
"1220",1728,"NAmes",11072,1728,5,1,1,1,1,0,0,1
"1221",1014,"NAmes",7785,1014,5,0,0,0,0,0,0,0
"1222",1118,"NAmes",11332,1118,5,0,0,0,0,0,0,0
"1223",906,"BrkSide",4882,453,4,0,0,0,0,0,0,0
"1224",1337,"NAmes",9600,1337,5,0,0,0,0,0,0,0
"1225",1988,"NAmes",14670,1104,6,1,1,1,1,0,0,1
"1226",1570,"NAmes",13200,1570,6,0,0,0,0,0,0,0
"1227",1104,"NAmes",10425,1104,5,0,0,0,0,0,0,0
"1228",882,"NAmes",11556,882,5,0,0,0,0,0,0,0
"1229",950,"NAmes",12774,950,5,0,0,0,0,0,0,0
"1230",1790,"NAmes",14250,1790,6,0,0,0,0,0,0,0
"1231",1824,"NAmes",12436,1824,5,1,1,0,1,0,0,1
"1232",869,"OldTown",10122,869,4,0,0,0,0,0,0,0
"1233",1044,"NAmes",10180,1044,5,0,0,0,0,0,0,0
"1234",1312,"NAmes",11355,1312,7,0,0,0,0,0,0,0
"1235",1081,"NAmes",12929,1081,6,0,0,0,0,0,0,0
"1236",876,"NAmes",7200,876,5,0,0,0,0,0,0,0
"1237",1256,"NAmes",8000,1256,5,0,0,0,0,0,0,0
"1238",1027,"NAmes",8000,1027,5,0,0,0,0,0,0,0
"1239",984,"NAmes",6390,984,6,0,0,0,0,0,0,0
"1240",1800,"NAmes",8513,1800,5,1,1,1,1,0,0,1
"1241",825,"NAmes",7200,825,5,0,0,0,0,0,0,0
"1242",1117,"NAmes",7590,1117,5,0,0,0,0,0,0,0
"1243",1133,"OldTown",9836,1133,6,0,0,0,0,0,0,0
"1244",1323,"OldTown",9184,948,5,0,0,0,0,0,0,0
"1245",1360,"OldTown",4800,680,5,0,0,0,0,0,0,0
"1246",672,"OldTown",4800,672,5,0,0,0,0,0,0,0
"1247",1456,"OldTown",6000,728,6,0,0,0,0,0,0,0
"1248",1740,"OldTown",7308,960,5,0,0,0,0,0,0,0
"1249",1027,"OldTown",5400,1027,7,0,0,0,0,0,0,0
"1250",899,"OldTown",6756,899,5,0,0,0,0,0,0,0
"1251",1588,"OldTown",12205,1588,3,1,1,0,1,0,0,1
"1252",1627,"OldTown",9142,830,5,0,0,0,0,0,0,0
"1253",1450,"OldTown",5350,730,7,0,0,0,0,0,0,0
"1254",1017,"OldTown",9143,709,5,0,0,0,0,0,0,0
"1255",1540,"OldTown",6000,884,5,0,0,0,0,0,0,0
"1256",2495,"OldTown",10800,1313,7,1,1,1,1,1,1,1
"1257",1093,"OldTown",8516,1093,4,0,0,0,0,0,0,0
"1258",1738,"BrkSide",7010,1144,5,0,0,0,0,0,0,0
"1259",1210,"BrkSide",5000,832,5,0,0,0,0,0,0,0
"1260",1672,"BrkSide",6000,1014,6,0,0,0,0,0,0,0
"1261",949,"BrkSide",6000,949,5,0,0,0,0,0,0,0
"1262",1497,"BrkSide",6000,825,6,0,0,0,0,0,0,0
"1263",1216,"BrkSide",5520,565,5,0,0,0,0,0,0,0
"1264",896,"BrkSide",5940,896,4,0,0,0,0,0,0,0
"1265",1136,"BrkSide",6240,624,4,0,0,0,0,0,0,0
"1266",2009,"BrkSide",6240,1245,7,0,0,0,0,0,0,0
"1267",1308,"IDOTRR",10320,880,5,0,0,0,0,0,0,0
"1268",1040,"IDOTRR",7200,1040,6,0,0,0,0,0,0,0
"1269",759,"IDOTRR",10320,759,5,0,0,0,0,0,0,0
"1270",1054,"Sawyer",9488,1054,5,0,0,0,0,0,0,0
"1271",1075,"Sawyer",11235,1075,5,0,0,0,0,0,0,0
"1272",1073,"Sawyer",9981,1073,5,0,0,0,0,0,0,0
"1273",1126,"Sawyer",7400,1126,5,0,0,0,0,0,0,0
"1274",1188,"Sawyer",14175,1188,6,0,0,0,0,0,0,0
"1275",1524,"ClearCr",20270,1524,7,1,1,1,1,0,0,1
"1276",1079,"Edwards",5190,617,7,0,0,0,0,0,0,0
"1277",1509,"Edwards",9571,1509,5,0,0,0,0,0,0,0
"1278",864,"Edwards",9350,864,5,0,0,0,0,0,0,0
"1279",1269,"Edwards",9360,621,6,0,0,0,0,0,0,0
"1280",2814,"SawyerW",9771,1093,6,0,0,1,0,1,1,0
"1281",1626,"SawyerW",9938,1626,7,0,0,0,0,0,0,0
"1282",1615,"CollgCr",9345,1615,8,0,0,0,0,0,0,0
"1283",2276,"CollgCr",11778,2276,9,0,0,1,0,1,1,0
"1284",1766,"CollgCr",11778,1766,9,0,0,0,0,0,0,0
"1285",1511,"SawyerW",11454,1511,8,0,0,0,0,0,0,0
"1286",1643,"ClearCr",11500,1643,6,0,0,0,0,0,0,0
"1287",990,"CollgCr",9750,990,5,0,0,0,0,0,0,0
"1288",1418,"CollgCr",8696,1418,7,0,0,0,0,0,0,0
"1289",1771,"CollgCr",13142,872,6,0,0,0,0,0,0,0
"1290",1823,"CollgCr",12192,928,7,0,0,0,0,0,0,1
"1291",1174,"CollgCr",12250,1174,5,0,0,0,0,0,0,0
"1292",1947,"CollgCr",9720,1366,9,0,0,0,0,0,0,0
"1293",848,"CollgCr",4426,848,6,0,0,0,0,0,0,0
"1294",1838,"CollgCr",10126,1838,6,0,0,0,0,0,0,0
"1295",1445,"CollgCr",9750,1445,7,0,0,0,0,0,0,0
"1296",1564,"CollgCr",11058,1564,7,0,0,0,0,0,0,0
"1297",1033,"Edwards",12102,1033,5,0,0,0,0,0,0,0
"1298",1127,"Edwards",6500,1127,6,0,0,0,0,0,0,0
"1299",1117,"Edwards",9638,1117,6,0,0,0,0,0,0,0
"1300",1152,"Edwards",6012,1152,4,0,0,0,0,0,0,0
"1301",1152,"Edwards",6845,1152,4,0,0,0,0,0,0,0
"1302",784,"Edwards",6931,784,4,0,0,0,0,0,0,0
"1303",1137,"Edwards",8050,929,5,0,0,0,0,0,0,0
"1304",930,"Edwards",9520,930,4,0,0,0,0,0,0,0
"1305",1292,"Edwards",5142,949,4,0,0,0,0,0,0,0
"1306",1424,"SWISU",7290,1424,7,0,0,0,0,0,0,0
"1307",1938,"Crawfor",11700,1265,5,1,1,0,1,1,1,1
"1308",1873,"Crawfor",9670,983,8,0,0,1,0,1,1,0
"1309",2161,"Crawfor",12392,1218,7,0,0,0,0,1,1,0
"1310",919,"IDOTRR",7000,919,6,0,0,0,0,0,0,0
"1311",1090,"IDOTRR",6000,760,6,0,0,0,0,0,0,0
"1312",1200,"IDOTRR",8155,780,5,0,0,0,0,0,0,0
"1313",1955,"IDOTRR",9000,1151,5,0,0,0,0,0,0,0
"1314",733,"IDOTRR",14584,733,1,0,0,0,0,0,0,0
"1315",1361,"IDOTRR",5280,825,4,0,0,0,0,0,0,0
"1316",1049,"IDOTRR",5150,671,4,0,0,0,0,0,0,0
"1317",864,"IDOTRR",9000,432,4,0,0,0,0,0,0,0
"1318",1646,"Crawfor",3811,1646,7,0,0,0,0,0,0,1
"1319",1820,"Mitchel",11050,910,7,0,0,0,0,0,0,0
"1320",1689,"Mitchel",9990,1689,4,0,0,0,0,0,0,0
"1321",1501,"Timber",4084,1501,7,0,0,0,0,0,0,0
"1322",1442,"Timber",9802,712,5,0,0,0,0,0,0,0
"1323",1612,"Timber",12018,796,7,0,0,0,0,0,0,0
"1324",1495,"Timber",12890,1495,6,0,0,0,0,0,0,0
"1325",1675,"Timber",7915,1675,6,0,0,0,0,0,0,0
"1326",1728,"Timber",11449,1728,8,0,0,0,0,0,0,0
"1327",1964,"Timber",11447,1964,8,0,0,0,0,1,1,0
"1328",1344,"Mitchel",8940,1344,7,0,0,0,0,0,0,0
"1329",1200,"Mitchel",14137,1200,4,0,0,0,0,0,0,0
"1330",1040,"MeadowV",4224,1040,5,0,0,0,0,0,0,0
"1331",1475,"MeadowV",2665,925,5,0,0,0,0,0,0,0
"1332",988,"MeadowV",1596,526,4,0,0,0,0,0,0,0
"1333",1160,"Mitchel",17979,1160,5,0,0,0,0,0,0,0
"1334",1092,"MeadowV",1477,546,6,0,0,0,0,0,0,0
"1335",845,"Mitchel",6600,845,5,0,0,0,0,0,0,0
"1336",889,"Mitchel",12395,889,5,0,0,0,0,0,0,0
"1337",1836,"IDOTRR",56600,1150,5,1,1,1,1,1,1,1
"1338",1694,"Gilbert",10147,924,6,0,0,0,0,0,0,0
"1339",1714,"Gilbert",8637,947,6,0,0,0,0,0,0,0
"1340",1553,"Gilbert",7875,691,7,0,0,0,0,0,0,0
"1341",1187,"Gilbert",9556,1187,7,0,0,0,0,0,0,0
"1342",1128,"Gilbert",18160,1128,6,0,0,0,0,0,0,0
"1343",1321,"StoneBr",5118,1321,8,0,0,0,0,0,0,0
"1344",2541,"StoneBr",12328,1164,8,1,1,1,1,1,1,1
"1345",1424,"Gilbert",41600,1424,5,1,1,1,1,0,0,1
"1346",1612,"StoneBr",8035,1612,9,0,0,0,0,0,0,0
"1347",2234,"StoneBr",14082,2234,8,0,0,0,0,1,1,0
"1348",1284,"NWAmes",10960,1284,6,0,0,0,0,0,0,0
"1349",1664,"NWAmes",12299,1664,7,0,0,0,0,0,0,0
"1350",1930,"NWAmes",11339,1085,7,0,0,0,0,0,0,0
"1351",1353,"NWAmes",10400,1353,6,0,0,0,0,0,0,0
"1352",1324,"NWAmes",8991,1324,7,0,0,0,0,0,0,0
"1353",1877,"NWAmes",8000,1084,6,0,0,0,0,0,0,0
"1354",1422,"NAmes",9457,1422,5,0,0,0,0,0,0,0
"1355",914,"NAmes",7920,914,5,0,0,0,0,0,0,0
"1356",914,"NAmes",17199,914,4,0,0,0,0,0,0,0
"1357",1337,"NAmes",10943,1337,6,0,0,0,0,0,0,0
"1358",1218,"BrDale",2058,672,6,0,0,0,0,0,0,0
"1359",1816,"NridgHt",12469,1816,9,0,0,1,0,1,1,0
"1360",1694,"NridgHt",11825,1694,8,0,0,0,0,0,0,0
"1361",2122,"NridgHt",14333,2122,8,0,0,0,0,1,1,0
"1362",2550,"NridgHt",13440,1148,8,1,1,1,1,1,1,1
"1363",2046,"NridgHt",15431,2046,10,0,0,1,0,1,1,1
"1364",2552,"NridgHt",13891,2552,9,0,0,1,0,1,1,0
"1365",1802,"NridgHt",13615,1802,9,0,0,0,0,1,1,0
"1366",2956,"NridgHt",13069,1718,8,1,1,1,1,1,1,1
"1367",1818,"NridgHt",12568,895,8,0,0,0,0,1,1,0
"1368",1721,"NridgHt",9254,1721,8,0,0,0,0,0,0,0
"1369",1302,"NridgHt",3901,1302,6,0,0,0,0,0,0,0
"1370",1302,"NridgHt",3903,1302,6,0,0,0,0,0,0,0
"1371",1405,"NridgHt",3242,1405,7,0,0,0,0,0,0,0
"1372",1496,"Gilbert",15810,768,6,0,0,0,0,0,0,0
"1373",1536,"Gilbert",10237,768,6,0,0,0,0,0,0,0
"1374",1458,"Gilbert",13204,608,7,0,0,0,0,0,0,0
"1375",1495,"Gilbert",8857,738,6,0,0,0,0,0,0,0
"1376",1504,"Gilbert",8229,752,6,0,0,0,0,0,0,0
"1377",1258,"Gilbert",7697,1258,7,0,0,0,0,0,0,0
"1378",1266,"Blmngtn",3710,1266,7,0,0,0,0,0,0,0
"1379",1374,"Gilbert",11084,744,7,0,0,0,0,0,0,0
"1380",1394,"Gilbert",11950,754,7,0,0,0,0,0,0,0
"1381",1995,"Gilbert",8740,864,7,0,0,1,0,0,0,1
"1382",1644,"Gilbert",9649,961,6,0,0,0,0,0,0,0
"1383",2551,"NoRidge",12191,1779,8,1,1,1,1,1,1,1
"1384",3078,"NoRidge",10557,1671,9,0,0,1,0,1,1,0
"1385",2582,"NoRidge",11002,1411,8,0,0,1,0,1,1,0
"1386",2385,"NoRidge",10790,1108,7,0,0,1,0,1,1,0
"1387",2202,"NoRidge",11762,1105,8,1,1,1,1,1,1,1
"1388",2538,"NoRidge",9044,1335,8,0,0,1,0,1,1,0
"1389",1369,"Somerst",9910,1369,7,0,0,0,0,0,0,0
"1390",1538,"Somerst",8847,1538,8,0,0,0,0,0,0,0
"1391",1506,"Somerst",8251,1506,7,0,0,0,0,0,0,0
"1392",1338,"Somerst",8640,1338,8,0,0,0,0,0,0,0
"1393",1792,"Somerst",8640,896,8,0,0,0,0,0,0,0
"1394",1880,"Somerst",12217,955,8,0,0,1,0,0,0,0
"1395",1685,"Somerst",11824,1685,8,0,0,0,0,0,0,0
"1396",2443,"Somerst",10625,1158,6,0,0,1,0,1,1,0
"1397",1143,"SawyerW",7500,1143,7,0,0,0,0,0,0,0
"1398",1486,"SawyerW",7441,1486,7,0,0,0,0,0,0,0
"1399",1820,"SawyerW",11613,920,6,0,0,0,0,0,0,0
"1400",1266,"SawyerW",8012,630,6,0,0,0,0,0,0,0
"1401",894,"Sawyer",6285,894,5,0,0,0,0,0,0,0
"1402",2503,"Veenker",19522,1271,7,0,0,1,0,1,1,0
"1403",1055,"Sawyer",12712,1055,6,0,0,0,0,0,0,0
"1404",1378,"Somerst",4379,1378,8,0,0,0,0,0,0,0
"1405",1151,"Somerst",3523,1151,8,0,0,0,0,0,0,0
"1406",1352,"Somerst",3606,1352,7,0,0,0,0,0,0,0
"1407",1550,"Somerst",5330,1550,8,0,0,0,0,0,0,0
"1408",1501,"Somerst",2280,757,6,0,0,0,0,0,0,0
"1409",1573,"Somerst",2117,769,6,0,0,0,0,0,0,0
"1410",1358,"Somerst",7321,1358,7,0,0,0,0,0,0,0
"1411",2048,"Somerst",8010,1072,8,0,0,1,0,1,1,1
"1412",1494,"Veenker",9466,1494,8,0,0,0,0,0,0,0
"1413",2362,"Veenker",12000,2362,7,0,0,0,0,1,1,0
"1414",1152,"NWAmes",11700,1152,6,0,0,0,0,0,0,0
"1415",2411,"NWAmes",8000,1403,6,0,0,0,0,0,0,0
"1416",1082,"NWAmes",8723,1082,6,0,0,0,0,0,0,0
"1417",1295,"NWAmes",11700,1295,6,0,0,0,0,0,0,0
"1418",1594,"NWAmes",9547,1594,7,0,0,0,0,0,0,0
"1419",2075,"NWAmes",10530,1091,7,0,0,0,0,0,0,0
"1420",1093,"NWAmes",10738,1093,6,0,0,0,0,0,0,0
"1421",1107,"NAmes",8050,1107,5,0,0,0,0,0,0,0
"1422",1224,"NAmes",10899,1224,4,0,0,0,0,0,0,0
"1423",964,"NAmes",8243,964,5,0,0,0,0,0,0,0
"1424",1042,"NAmes",9200,1042,6,0,0,0,0,0,0,0
"1425",2154,"NAmes",8800,845,6,1,1,1,1,0,0,1
"1426",1652,"NAmes",22002,1652,6,1,1,0,1,0,0,1
"1427",666,"BrkSide",5000,666,3,0,0,0,0,0,0,0
"1428",1150,"NAmes",9600,1150,5,0,0,0,0,0,0,0
"1429",1280,"NAmes",10050,1280,5,0,0,0,0,0,0,0
"1430",1254,"NAmes",9600,1254,6,0,0,0,0,0,0,0
"1431",936,"NAmes",8760,936,6,0,0,0,0,0,0,0
"1432",1008,"NAmes",6860,1008,5,0,0,0,0,0,0,0
"1433",1053,"NAmes",8250,1053,5,0,0,0,0,0,0,0
"1434",1721,"NAmes",9736,1721,6,0,0,0,0,0,0,0
"1435",922,"NAmes",9770,922,5,0,0,0,0,0,0,0
"1436",1411,"NAmes",12198,1411,5,0,0,0,0,0,0,0
"1437",948,"NAmes",10950,948,6,0,0,0,0,0,0,0
"1438",1040,"NAmes",7942,1040,6,0,0,0,0,0,0,0
"1439",925,"NAmes",8540,925,5,0,0,0,0,0,0,0
"1440",1540,"NAmes",7150,1040,4,0,0,0,0,0,0,0
"1441",925,"NAmes",8400,925,5,0,0,0,0,0,0,0
"1442",1647,"NAmes",9532,1647,4,0,0,0,0,0,0,0
"1443",1544,"OldTown",14190,1000,4,0,0,0,0,0,0,0
"1444",1728,"NAmes",12099,1216,5,0,0,0,0,0,0,0
"1445",3086,"NAmes",21281,1308,5,1,1,1,1,1,1,1
"1446",1281,"OldTown",10284,845,4,0,0,0,0,0,0,0
"1447",1534,"OldTown",10800,751,5,0,0,0,0,0,0,0
"1448",1651,"NAmes",10090,1035,7,1,1,1,1,0,0,0
"1449",888,"NAmes",8700,888,5,0,0,0,0,0,0,0
"1450",952,"NAmes",8300,952,6,0,0,0,0,0,0,0
"1451",1040,"NAmes",7500,1040,5,0,0,0,0,0,0,0
"1452",1170,"NAmes",7315,1170,5,0,0,0,0,0,0,0
"1453",1242,"NAmes",7903,1242,5,0,0,0,0,0,0,0
"1454",925,"NAmes",7000,925,5,0,0,0,0,0,0,0
"1455",864,"NAmes",6600,864,5,0,0,0,0,0,0,0
"1456",936,"NAmes",6760,936,5,0,0,0,0,0,0,0
"1457",960,"OldTown",6978,960,5,0,0,0,0,0,0,0
"1458",967,"OldTown",3153,967,5,0,0,0,0,0,0,0
"1459",1072,"OldTown",7200,1072,5,0,0,0,0,0,0,0
"1460",1174,"OldTown",9000,680,5,0,0,0,0,0,0,0
"1461",1141,"OldTown",5925,761,4,0,0,0,0,0,0,0
"1462",1798,"OldTown",9639,1156,4,0,0,0,0,0,0,0
"1463",1772,"OldTown",10337,909,8,0,0,0,0,0,0,0
"1464",1642,"OldTown",9863,914,6,0,0,0,0,0,0,0
"1465",1650,"OldTown",8398,991,6,0,0,0,0,0,0,0
"1466",1060,"BrkSide",6854,916,5,0,0,0,0,0,0,0
"1467",1274,"BrkSide",6125,728,5,0,0,0,0,0,0,0
"1468",1232,"BrkSide",6000,608,6,0,0,0,0,0,0,0
"1469",884,"BrkSide",6120,884,5,0,0,0,0,0,0,0
"1470",2264,"OldTown",7755,1100,6,0,0,0,0,0,0,0
"1471",1376,"BrkSide",8850,752,6,0,0,0,0,0,0,0
"1472",1316,"BrkSide",8550,960,5,0,0,0,0,0,0,0
"1473",2294,"IDOTRR",13200,1497,6,1,1,1,1,0,0,1
"1474",1952,"IDOTRR",9780,976,7,0,0,1,0,0,0,0
"1475",2180,"IDOTRR",10320,1138,6,0,0,0,0,0,0,0
"1476",1315,"IDOTRR",4330,838,4,0,0,0,0,0,0,0
"1477",2267,"Sawyer",12888,1262,7,0,0,0,0,0,0,0
"1478",1282,"SWISU",4484,778,5,0,0,0,0,0,0,0
"1479",1452,"Sawyer",11235,1452,5,0,0,0,0,0,0,0
"1480",1020,"Sawyer",14149,1020,5,0,0,0,0,0,0,0
"1481",1040,"Sawyer",11677,1040,5,0,0,0,0,0,0,0
"1482",868,"Sawyer",8425,868,5,0,0,0,0,0,0,0
"1483",943,"Sawyer",8398,943,5,0,0,0,0,0,0,0
"1484",912,"Sawyer",8169,912,5,0,0,0,0,0,0,0
"1485",1302,"Sawyer",6960,798,7,0,0,0,0,0,0,0
"1486",1299,"Sawyer",11375,1299,6,0,0,0,0,0,0,0
"1487",1176,"Sawyer",13770,1176,5,0,0,0,0,0,0,0
"1488",998,"Sawyer",9000,998,4,0,0,0,0,0,0,0
"1489",1325,"Edwards",17541,1325,5,0,0,0,0,0,0,0
"1490",1242,"Edwards",17808,1242,4,0,0,0,0,0,0,0
"1491",1626,"Edwards",10512,988,6,0,0,0,0,0,0,0
"1492",864,"SWISU",5400,864,5,0,0,0,0,0,0,0
"1493",1342,"Edwards",9280,1342,5,0,0,0,0,0,0,0
"1494",1822,"SawyerW",23920,1105,6,1,1,1,1,0,0,1
"1495",1958,"SawyerW",9317,1029,7,0,0,0,0,0,0,0
"1496",1651,"CollgCr",9178,1651,8,0,0,0,0,0,0,0
"1497",2140,"CollgCr",10481,2140,8,0,0,0,0,1,1,0
"1498",1546,"CollgCr",11750,1546,7,0,0,0,1,0,0,0
"1499",1500,"CollgCr",8760,1500,8,0,0,0,0,0,0,0
"1500",1270,"CollgCr",7242,1270,7,0,0,0,0,0,0,0
"1501",1795,"CollgCr",9316,879,7,0,0,0,0,0,0,0
"1502",1873,"SawyerW",8883,946,7,0,0,0,0,0,0,0
"1503",1743,"ClearCr",20064,1743,8,0,0,0,0,0,0,0
"1504",1308,"CollgCr",10021,646,6,0,0,0,0,0,0,0
"1505",990,"CollgCr",8428,990,5,0,0,0,0,0,0,0
"1506",1097,"CollgCr",16561,1097,5,0,0,0,0,0,0,0
"1507",1753,"CollgCr",12352,853,7,0,0,0,0,0,0,0
"1508",1690,"CollgCr",9543,845,7,0,0,0,0,0,0,0
"1509",1842,"CollgCr",8826,985,7,0,0,0,0,0,0,0
"1510",894,"CollgCr",11800,894,5,0,0,0,0,0,0,0
"1511",1025,"CollgCr",8660,1025,5,0,0,0,0,0,0,0
"1512",1009,"CollgCr",9720,1009,5,0,0,0,0,0,0,0
"1513",1040,"CollgCr",8982,1040,5,0,0,0,0,0,0,0
"1514",1932,"CollgCr",8749,992,7,0,0,0,0,0,0,0
"1515",1729,"CollgCr",8158,860,7,0,0,0,0,0,0,0
"1516",1592,"CollgCr",11927,1592,8,0,0,0,0,0,0,0
"1517",2439,"CollgCr",12728,1531,8,0,0,1,0,1,1,1
"1518",1992,"CollgCr",15295,1212,7,0,0,0,0,0,0,1
"1519",1190,"CollgCr",8769,1190,7,0,0,0,0,0,0,0
"1520",1330,"CollgCr",8334,1330,6,0,0,0,0,0,0,0
"1521",1491,"CollgCr",8333,738,7,0,0,0,0,0,0,0
"1522",1536,"CollgCr",9045,768,5,0,0,0,0,0,0,0
"1523",1351,"Edwards",16287,901,5,0,0,0,0,0,0,0
"1524",1179,"Edwards",8240,1179,6,0,0,0,0,0,0,0
"1525",1044,"Edwards",6285,1044,6,0,0,0,0,0,0,0
"1526",2233,"Edwards",9555,1100,5,1,1,1,1,0,0,1
"1527",5095,"Edwards",39290,5095,10,1,1,1,1,1,1,1
"1528",960,"Edwards",6400,960,5,0,0,0,0,0,0,0
"1529",1152,"Edwards",6882,1152,4,0,0,0,0,0,0,0
"1530",1195,"Edwards",8741,1195,5,0,0,0,0,0,0,0
"1531",768,"Edwards",8172,768,4,0,0,0,0,0,0,0
"1532",864,"Edwards",8172,864,4,0,0,0,0,0,0,0
"1533",1422,"Crawfor",7223,1422,5,0,0,0,0,0,0,0
"1534",1098,"Crawfor",4000,567,7,0,0,0,0,0,0,0
"1535",1436,"Crawfor",6720,851,6,0,0,0,0,0,0,0
"1536",1718,"Crawfor",7230,867,7,0,0,0,0,0,0,0
"1537",1226,"Crawfor",13108,1226,5,0,0,0,0,0,0,0
"1538",1560,"Crawfor",25485,1560,6,1,1,1,1,1,1,1
"1539",1488,"Crawfor",21579,1488,6,1,1,1,1,1,1,1
"1540",1045,"Blueste",1782,529,6,0,0,0,0,0,0,0
"1541",1680,"Crawfor",17871,1680,4,1,1,1,1,1,1,1
"1542",1696,"Crawfor",20693,1696,7,1,1,0,1,1,1,1
"1543",2726,"Crawfor",18044,2726,8,0,0,1,0,1,1,0
"1544",1601,"IDOTRR",7288,936,5,0,0,0,0,0,0,0
"1545",1828,"IDOTRR",9060,942,5,0,0,0,0,0,0,0
"1546",845,"IDOTRR",11067,640,2,0,0,0,0,0,0,0
"1547",1073,"IDOTRR",6565,1073,4,0,0,0,0,0,0,0
"1548",1001,"IDOTRR",6060,1001,5,0,0,0,0,0,0,0
"1549",1299,"Mitchel",12150,1299,6,0,0,0,0,0,0,0
"1550",1392,"Mitchel",10000,1392,5,0,0,0,0,0,0,0
"1551",1409,"Mitchel",12864,1409,7,0,0,0,0,0,0,0
"1552",1026,"Mitchel",8410,1026,6,0,0,0,0,0,0,0
"1553",1689,"Timber",8368,1689,7,0,0,0,0,0,0,0
"1554",1564,"Timber",8298,1564,8,0,0,0,0,0,0,0
"1555",1240,"Timber",10331,1240,7,0,0,0,0,0,0,0
"1556",1312,"Timber",6718,1312,8,0,0,0,0,0,0,0
"1557",1491,"Timber",7777,1491,6,0,0,0,0,0,0,0
"1558",2486,"Timber",11800,1146,7,1,1,1,1,1,1,1
"1559",1824,"Timber",12633,1824,10,0,0,0,0,1,1,0
"1560",2034,"Mitchel",43500,2034,3,1,1,0,1,1,1,1
"1561",992,"MeadowV",1533,530,4,0,0,0,0,0,0,0
"1562",1092,"MeadowV",1495,546,4,0,0,0,0,0,0,0
"1563",1008,"Mitchel",9129,1008,5,0,0,0,0,0,0,0
"1564",1356,"Mitchel",15957,1356,6,0,0,0,0,0,0,0
"1565",1676,"Mitchel",33983,1676,5,1,1,1,1,0,0,1
"1566",796,"Mitchel",6723,796,5,0,0,0,0,0,0,0
"1567",1608,"Mitchel",27697,1608,4,1,1,0,1,0,0,1
"1568",816,"Mitchel",11625,816,5,0,0,0,0,0,0,0
"1569",1024,"NAmes",10533,1024,6,0,0,0,0,0,0,0
"1570",1390,"NAmes",39384,1390,6,1,1,0,1,0,0,1
"1571",1851,"NAmes",11727,1851,7,0,0,0,0,0,0,0
"1572",1776,"Gilbert",9783,821,6,0,0,0,0,0,0,0
"1573",2064,"Gilbert",13128,1074,8,0,0,1,0,0,0,0
"1574",2687,"StoneBr",13108,2079,8,1,1,1,1,1,1,1
"1575",1169,"Gilbert",8076,1169,6,0,0,0,0,0,0,0
"1576",1204,"StoneBr",3701,1204,8,0,0,0,0,0,0,0
"1577",2798,"StoneBr",16023,1414,9,0,0,1,0,1,1,0
"1578",3390,"StoneBr",18062,1528,10,1,1,1,1,1,1,1
"1579",2473,"StoneBr",12292,1102,9,1,1,1,1,1,1,1
"1580",2000,"StoneBr",18261,2000,9,1,1,1,1,1,1,1
"1581",1102,"NWAmes",10464,1102,6,0,0,0,0,0,0,0
"1582",2318,"Somerst",9512,960,7,0,0,0,0,1,1,0
"1583",1875,"NWAmes",10530,1109,6,0,0,0,0,0,0,0
"1584",874,"NAmes",7200,874,4,0,0,0,0,0,0,0
"1585",1419,"NAmes",8773,1419,6,0,0,0,0,0,0,0
"1586",1092,"BrDale",2760,525,6,0,0,0,0,0,0,0
"1587",1365,"BrDale",2160,765,5,0,0,0,0,0,0,0
"1588",1030,"BrDale",1890,494,6,0,0,0,0,0,0,0
"1589",948,"BrDale",1680,483,6,0,0,0,0,0,0,0
"1590",1092,"BrDale",1680,525,6,0,0,0,0,0,0,0
"1591",1387,"NAmes",7514,1387,5,0,0,0,0,0,0,0
"1592",1055,"NPkVill",2280,1055,7,0,0,0,0,0,0,0
"1593",1618,"NridgHt",16163,1618,8,0,0,0,0,0,0,0
"1594",1740,"NridgHt",12228,1740,7,1,1,1,1,1,1,1
"1595",1868,"NridgHt",14780,1868,9,0,0,0,0,1,1,0
"1596",2206,"NridgHt",13975,1117,9,1,1,1,1,1,1,1
"1597",2091,"NridgHt",9942,1625,9,0,0,0,0,1,1,0
"1598",1792,"NridgHt",13758,1792,9,0,0,0,0,1,1,0
"1599",1914,"NridgHt",13215,1426,8,0,0,0,0,1,1,0
"1600",1565,"NridgHt",5911,1565,9,0,0,0,0,0,0,0
"1601",1686,"NridgHt",7740,1686,9,0,0,0,0,0,0,0
"1602",1666,"NridgHt",6373,1666,9,0,0,0,0,0,0,0
"1603",1456,"Gilbert",10237,728,6,0,0,0,0,0,0,0
"1604",1492,"Gilbert",10237,738,7,0,0,0,0,0,0,0
"1605",1326,"Gilbert",11660,1326,6,0,0,0,0,0,0,0
"1606",2373,"Gilbert",11631,1052,8,1,1,1,1,1,1,1
"1607",1511,"Blmngtn",2938,1511,7,0,0,0,0,0,0,0
"1608",1548,"Blmngtn",3072,1548,7,0,0,0,0,0,0,0
"1609",1976,"NoRidge",9660,1079,8,0,0,0,0,1,1,0
"1610",2855,"NoRidge",9233,1540,9,0,0,1,0,1,1,0
"1611",3500,"NoRidge",17242,1933,9,1,1,1,1,1,1,1
"1612",2494,"NoRidge",10236,1305,8,0,0,1,0,1,1,0
"1613",1964,"Somerst",12447,1116,8,0,0,0,0,1,1,0
"1614",1670,"Somerst",15218,1670,8,0,0,0,0,0,0,0
"1615",2640,"Somerst",13162,2036,9,0,0,1,0,1,1,0
"1616",1400,"SawyerW",11024,1400,7,0,0,0,0,0,0,0
"1617",1837,"SawyerW",8304,941,6,0,0,0,0,0,0,0
"1618",1731,"SawyerW",9370,844,6,0,0,0,0,0,0,0
"1619",1320,"SawyerW",9019,636,6,0,0,0,0,0,0,0
"1620",988,"Sawyer",9100,988,5,0,0,0,0,0,0,0
"1621",1654,"Sawyer",8927,1286,6,0,0,0,0,0,0,0
"1622",1211,"Sawyer",9240,1211,5,0,0,0,0,0,0,0
"1623",984,"Sawyer",9308,984,5,0,0,0,0,0,0,0
"1624",909,"Sawyer",8450,909,5,0,0,0,0,0,0,0
"1625",912,"Sawyer",8020,912,5,0,0,0,0,0,0,0
"1626",941,"Sawyer",8789,941,5,0,0,0,0,0,0,0
"1627",1143,"Somerst",3628,1143,7,0,0,0,0,0,0,0
"1628",1080,"Somerst",4447,530,7,0,0,0,0,0,0,0
"1629",898,"NAmes",8400,898,5,0,0,0,0,0,0,0
"1630",1051,"NAmes",9759,1051,5,0,0,0,0,0,0,0
"1631",1141,"NAmes",9600,1141,5,0,0,0,0,0,0,0
"1632",1440,"NAmes",9350,720,5,0,0,0,0,0,0,0
"1633",1248,"NAmes",10800,1248,5,0,0,0,0,0,0,0
"1634",816,"NAmes",8550,816,6,0,0,0,0,0,0,0
"1635",1043,"NAmes",9724,1043,5,0,0,0,0,0,0,0
"1636",1433,"NAmes",9600,1433,5,0,0,0,0,0,0,0
"1637",1624,"NAmes",10858,1624,5,0,0,0,0,0,0,0
"1638",1216,"NAmes",9600,1216,5,0,0,0,0,0,0,0
"1639",1728,"NAmes",9462,1024,5,0,0,0,0,0,0,0
"1640",936,"NAmes",9888,936,5,0,0,0,0,0,0,0
"1641",1246,"NAmes",12700,1246,6,0,0,0,0,0,0,0
"1642",1008,"NAmes",9723,1008,6,0,0,0,0,0,0,0
"1643",1364,"NAmes",8400,1364,5,0,0,0,0,0,0,0
"1644",1336,"NAmes",9610,1336,6,0,0,0,0,0,0,0
"1645",1124,"NAmes",10152,1124,6,0,0,0,0,0,0,0
"1646",1575,"NAmes",10170,1575,6,0,0,0,0,0,0,0
"1647",1145,"NAmes",7700,1145,5,0,0,0,0,0,0,0
"1648",1005,"NAmes",11050,1005,5,0,0,0,0,0,0,0
"1649",1056,"NAmes",13600,1056,5,0,0,0,0,0,0,0
"1650",2039,"NAmes",21299,2039,7,1,1,1,1,0,0,1
"1651",1384,"NAmes",13300,1384,5,0,0,0,0,0,0,0
"1652",1312,"NAmes",7500,900,6,0,0,0,0,0,0,0
"1653",720,"OldTown",7008,448,4,0,0,0,0,0,0,0
"1654",1146,"NAmes",10184,1146,6,0,0,0,0,0,0,0
"1655",1773,"NAmes",10800,1773,6,0,0,0,0,0,0,0
"1656",1472,"NAmes",11650,1472,7,0,0,0,0,0,0,0
"1657",2448,"NAmes",18275,1900,7,1,1,1,1,1,1,1
"1658",1521,"NAmes",12144,910,4,0,0,0,0,0,0,0
"1659",1150,"NAmes",7000,1150,5,0,0,0,0,0,0,0
"1660",1025,"NAmes",7000,1025,5,0,0,0,0,0,0,0
"1661",2014,"OldTown",9856,1007,5,1,1,1,1,0,0,1
"1662",1668,"OldTown",9600,1226,5,0,0,0,0,0,0,0
"1663",1657,"OldTown",5520,1147,4,0,0,0,0,0,0,0
"1664",1004,"OldTown",3960,502,7,0,0,0,0,0,0,0
"1665",1951,"OldTown",7745,1084,4,0,0,0,0,0,0,0
"1666",1032,"OldTown",7741,1032,6,0,0,0,0,0,0,0
"1667",864,"OldTown",7200,864,4,0,0,0,0,0,0,0
"1668",1376,"OldTown",7614,714,3,0,0,0,0,0,0,0
"1669",1566,"OldTown",6000,816,5,1,1,0,1,0,0,0
"1670",492,"OldTown",7830,492,3,0,0,0,0,0,0,0
"1671",840,"OldTown",5747,840,3,0,0,0,0,0,0,0
"1672",1248,"OldTown",5976,624,5,0,0,0,0,0,0,0
"1673",1020,"IDOTRR",4761,1020,3,0,0,0,0,0,0,0
"1674",1827,"BrkSide",11737,1017,6,0,0,0,0,0,0,0
"1675",816,"BrkSide",11672,816,5,0,0,0,0,0,0,0
"1676",2486,"OldTown",33120,1611,6,1,1,1,1,1,1,1
"1677",1430,"IDOTRR",10320,834,4,0,0,0,0,0,0,0
"1678",1330,"IDOTRR",7518,665,5,0,0,0,0,0,0,0
"1679",984,"IDOTRR",7200,984,6,0,0,0,0,0,0,0
"1680",1422,"Sawyer",12375,1081,5,0,0,0,0,0,0,0
"1681",1640,"Sawyer",21370,1640,5,1,1,0,1,0,0,1
"1682",1032,"Edwards",8250,1032,5,0,0,0,0,0,0,0
"1683",879,"SWISU",5220,879,5,0,0,0,0,0,0,0
"1684",1073,"SWISU",5500,1073,7,0,0,0,0,0,0,0
"1685",1040,"Sawyer",7176,1040,6,0,0,0,0,0,0,0
"1686",1967,"Sawyer",9662,1967,5,1,1,1,1,0,0,1
"1687",1949,"Sawyer",8235,1949,5,1,1,1,1,0,0,1
"1688",872,"Sawyer",17529,872,5,0,0,0,0,0,0,0
"1689",1830,"ClearCr",20355,1830,7,0,0,0,0,0,0,0
"1690",1000,"ClearCr",13050,1000,5,0,0,0,0,0,0,0
"1691",1700,"ClearCr",1700,880,7,0,0,0,0,0,0,0
"1692",1350,"Edwards",9375,1350,4,0,0,0,0,0,0,0
"1693",2009,"Edwards",19950,1337,6,1,1,1,1,0,0,1
"1694",3672,"Edwards",19800,1836,6,1,1,1,1,1,1,1
"1695",1560,"Edwards",11679,1560,5,0,0,0,0,0,0,0
"1696",1057,"Edwards",10519,1057,5,0,0,0,0,0,0,0
"1697",1609,"Edwards",9525,1068,6,1,1,0,1,0,0,1
"1698",1876,"CollgCr",11003,1308,7,0,0,0,0,0,0,0
"1699",1846,"CollgCr",13377,1846,6,0,0,0,0,0,0,0
"1700",1590,"CollgCr",11645,1590,8,0,0,0,0,0,0,1
"1701",1809,"CollgCr",10984,945,7,0,0,0,0,0,0,0
"1702",1614,"CollgCr",9316,1614,7,0,0,0,0,0,0,1
"1703",1596,"CollgCr",9316,784,7,0,0,0,0,0,0,0
"1704",1388,"ClearCr",12000,1388,6,0,0,0,0,0,0,0
"1705",1499,"CollgCr",12438,795,6,0,0,0,0,0,0,0
"1706",1749,"CollgCr",9272,856,7,0,0,0,0,0,0,0
"1707",1388,"CollgCr",8340,686,6,0,0,0,0,0,0,0
"1708",1282,"CollgCr",10385,1282,6,0,0,0,0,0,0,0
"1709",864,"CollgCr",7200,864,5,0,0,0,0,0,0,0
"1710",1762,"CollgCr",9930,878,7,0,0,0,0,0,0,0
"1711",1755,"CollgCr",9468,840,6,0,0,0,0,0,0,0
"1712",1358,"CollgCr",11088,1358,8,0,0,0,0,0,0,0
"1713",1909,"CollgCr",8726,872,7,0,0,0,0,0,0,0
"1714",2214,"CollgCr",10566,1090,8,0,0,1,0,1,1,1
"1715",1737,"CollgCr",8581,851,7,0,0,0,0,0,0,0
"1716",1611,"CollgCr",8400,784,7,0,0,0,0,0,0,0
"1717",1336,"CollgCr",8772,1336,7,0,0,0,0,0,0,0
"1718",1012,"Edwards",7840,1012,6,0,0,0,0,0,0,0
"1719",1176,"Edwards",16133,1176,5,0,0,0,0,0,0,0
"1720",914,"Edwards",8050,914,6,0,0,0,0,0,0,0
"1721",2314,"Edwards",11060,1164,7,0,0,1,0,0,0,0
"1722",1709,"Edwards",2522,970,7,0,0,0,0,0,0,0
"1723",936,"Edwards",6956,624,4,0,0,0,0,0,0,0
"1724",1338,"Edwards",7822,846,6,0,0,0,0,0,0,0
"1725",1273,"Edwards",11388,1055,4,0,0,0,0,0,0,0
"1726",1551,"SWISU",10890,1058,5,0,0,0,0,0,0,0
"1727",1340,"SWISU",6430,816,6,0,0,0,0,0,0,0
"1728",1479,"SWISU",7000,743,7,0,0,0,0,0,0,0
"1729",1510,"SWISU",4899,755,6,0,0,0,0,0,0,0
"1730",1465,"SWISU",10164,992,5,0,0,0,0,0,0,0
"1731",1288,"SWISU",6191,824,5,0,0,0,0,0,0,0
"1732",1550,"Crawfor",21780,940,6,1,1,0,1,1,1,1
"1733",1671,"Crawfor",8170,1122,7,0,0,0,0,0,0,0
"1734",2315,"Crawfor",15600,1278,5,1,1,1,1,1,1,1
"1735",976,"IDOTRR",7288,976,5,0,0,0,0,0,0,0
"1736",672,"IDOTRR",8534,672,4,0,0,0,0,0,0,0
"1737",1396,"IDOTRR",9000,1060,5,1,1,0,1,0,0,0
"1738",1625,"Mitchel",23580,1625,6,1,1,0,1,0,0,1
"1739",1664,"Mitchel",8385,1664,6,0,0,0,0,0,0,0
"1740",1491,"Mitchel",9116,1491,8,0,0,0,0,0,0,0
"1741",1650,"Timber",50102,1650,6,1,1,1,1,1,1,1
"1742",1600,"Mitchel",31250,1600,1,1,1,0,1,0,0,1
"1743",1368,"Mitchel",7020,1368,7,0,0,0,0,0,0,0
"1744",1304,"MeadowV",2665,616,5,0,0,0,0,0,0,0
"1745",874,"Mitchel",10172,874,5,0,0,0,0,0,0,0
"1746",1652,"Mitchel",11836,1652,5,0,0,0,0,0,0,0
"1747",1092,"MeadowV",1484,546,4,0,0,0,0,0,0,0
"1748",1360,"Mitchel",13384,1360,5,0,0,0,0,0,0,0
"1749",1092,"MeadowV",1533,546,4,0,0,0,0,0,0,0
"1750",1092,"MeadowV",1936,546,4,0,0,0,0,0,0,0
"1751",970,"Mitchel",10441,970,5,0,0,0,0,0,0,0
